// from here, take out just the subdomains: blog.unicode, and cldr.unicode (the whole links?)

../../alloc/Pipeline.html
../alloc/Pipeline.html
../charts/
../consortium/utc.html
../contacts.html
../emoji/images.html
../faq
../faq/
../glossary/
../pending/proposals.html
../policies/ipr_policy.html
../policies/privacy_policy.html
../Public/emoji/latest/
../reports/
../reports/index.html
../reports/tr15/tr15-27.html
../reports/tr35/
../reports/tr51/index.html
../resources/emoji.html
../sitemap/
../standard/principles.html
../standard/supported.html
../standard/unsupported.html
../standard/versions/index.html
../standard/WhatIsUnicode.html
../standard/where/
../supported.html
../tr41/tr41-23.html
../unsupported.html
./charts/index.html
.com
/alloc/Pipeline.html
/consortium/utc.html
/contacts.html
/development
/development/cldr-big-red-switch
/development/development-process
/development/development-process/design-proposals
/development/editing-cldr-spec
/development/guidance-on-direct-modifications-to-cldr-data
/development/messages
/development/new-cldr-developers
/development/updating-codes
/development/updating-dtds
/errata/
/errata/UnicodeErrata.html
/glossary/index.html
/home/announcement
/home/announcement/february2017uli-tcmeeting
/home/announcement/newmailinglistuli-users
/home/announcement/publiclyavailablespecifications
/home/announcement/ulisegmentexceptionspostedinsvnanddemoupdated
/home/announcement/wordcounteffortbegun
/home/uli-charter
/home/uli-documents
/home/uli-process
/implementers-faq
/index
/index/bcp47-extension
/index/bug-reports
/index/charts
/index/cldr-spec
/index/downloads
/index/process/cldr-data-retention-policy
/index/survey-tool
/pending/pending.html
/pending/proposals.html
/standard/standard.html
/system/app/pages/recentChanges
/system/app/pages/sitemap/hierarchy
/timesens/calendar.html
/translation
"\""unicode.org/contacts.html\"""
192.0.2.1
4a
6a
aa.usno.navy.mil/faq/docs/UT.php
About.html
about-notes.html
about-reports.html
accounts.google.com/ServiceLogin?continue=sites.google.com/site/cldr/index/process&service=jotspot
accounts.google.com/ServiceLogin?continue=sites.google.com/site/unicodelitc/home&service=jotspot
adobe-sjmap.pdf
adopted-characters.html
aggregates.html
applyingforgrants.html
appsrv.cse.cuhk.edu.hk/~irg/
attribution.html
basic_q.html
bb.at
bby.com
Bcher.de
billposer.org/Software/unidesc.html
bitbucket.org/jsbien/unihistext
blog.typekit.com/2016/03/28/strengthening-the-fabric-of-digital-communications-support-the-unicode-consortium/
blog.unicode.org/
blog.unicode.org/2009/10/unicode-announcement-unicode-520.html
blog.unicode.org/2010/10/unicode-version-60-support-for-popular.html
blog.unicode.org/2011/02/unicode-version-60-complete-text-of.html
blog.unicode.org/2012/01/announcing-unicode-standard-version-61.html
blog.unicode.org/2012/04/unicode-version-61-complete-text-of.html
blog.unicode.org/2012/09/announcing-unicode-standard-version-62.html
blog.unicode.org/2012/11/the-unicode-6.html
blog.unicode.org/2013/09/announcing-unicode-standard-version-63.html
blog.unicode.org/2014/06/announcing-unicode-standard-version-70.html
blog.unicode.org/2014/10/unicode-version-70-complete-text-of.html
blog.unicode.org/2015/06/announcing-unicode-standard-version-80.html
blog.unicode.org/2015/08/unicode-version-80-complete-text-of.html
blog.unicode.org/2016/06/announcing-unicode-standard-version-90.html
blog.unicode.org/2016/06/encoding-mayan-script-your-adopt.html
blog.unicode.org/2016/07/adopt-character-grant-to-support.html
blog.unicode.org/2016/07/unicode-version-90-complete-text-of.html
blog.unicode.org/2016/12/adopt-character-grant-to-support-indic.html
blog.unicode.org/2017/06/announcing-unicode-standard-version-100.html
blog.unicode.org/2017/07/adopt-character-grant-to-support-three.html
blog.unicode.org/2017/08/unicode-100-paperback-available.html
blog.unicode.org/2018/02/adopt-character-grant-to-support-three.html
blog.unicode.org/2018/06/announcing-unicode-standard-version-110.html
blog.unicode.org/feeds/posts/default?alt=rss
blogs.adobe.com/CCJKType/files/2016/11/top-ten-lists-2016.pdf
blogs.technet.com/srd/archive/2009/05/18/more-information-about-the-iis-authentication-bypass.aspx
bmp/
ccnmtl.columbia.edu/projects/mmt/udhr/
charindex.html
charts/index.html
checkers.peoplesoft.com/events.nsf/07dd07bae4e2a86b8825666700767bbf/f59d0dfabda3a051882569190047a690?OpenDocument
choosing.html
citeseerx.ist.psu.edu/viewdoc/summary?doi=10.1.1.41.9729
cldr.unicode.org
cldr.unicode.org/
cldr.unicode.org/development/updating-dtds
cldr.unicode.org/index
cldr.unicode.org/index/acknowledgments
cldr.unicode.org/index/bcp47-extension
cldr.unicode.org/index/bug-reports
cldr.unicode.org/index/cldr-spec
cldr.unicode.org/index/downloads
cldr.unicode.org/index/downloads/cldr-1-8-1
cldr.unicode.org/index/downloads/cldr-1-9-1
cldr.unicode.org/index/process
cldr.unicode.org/index/process/cldr-data-retention-policy
cldr.unicode.org/locale_faq-html
cldr.unicode.org/translation
cmcl.aai.uni-hamburg.de/~iacs/
codechanges.html
codelists.html
components-3.1.1.html
consort.html
contacts.html
contributing.html
contributors.html
conversion_mapping.html
cs.fit.edu/media/TechnicalReports/cs-2002-10.pdf
cups.cs.cmu.edu/soups/2006/proceedings/p79_downs.pdf
czyborra.com/unicode/motivation.html
data/2007-12-14
data/2010-11-14
data/2012-03-02
data/2014-05-16
data/2016-08-15
data/2017-12-12
de.wikipedia.org/wiki/Christian_Galinski
de.wikipedia.org/wiki/Michael_Everson
deity.gov.in/
demo.icu-project.org/icu-bin/locexp
demo.icu-project.org/icu-bin/translit/
develop.html
developer.apple.com/fonts/
developer.apple.com/fonts/TrueType-Reference-Manual/
developpeur.journaldunet.com/tutoriel/theo/040518-encodages.shtml
devzone.zend.com/node/view/id/874
dictionary.sanseido-publ.co.jp/dicts/ja/unicode_cc/
distlist.html
distlist-cldr-users.html
distlist-indic.html
distlist-uli-users.html
distlist-unicode.html
docs.oracle.com/javase/6/docs/api/java/text/Collator.html
docs.oracle.com/javase/6/docs/api/java/text/RuleBasedCollator.html
docs.oracle.com/javase/7/docs/api/java/text/ChoiceFormat.html
docs.oracle.com/javase/7/docs/api/java/text/MessageFormat.html
donsnotes.com/tech/charsets/byte_intl_char.html
doublethedonation.com/unicode
downloads.html
drafts.csswg.org/css-text/
emoji.html
emoji_dingbats.html
emoji_submission.html
emojipedia.org/
en.oxforddictionaries.com/definition/spanglish
en.wikipedia.org/wiki/Favicon
en.wikipedia.org/wiki/Fitzpatrick_scale
en.wikipedia.org/wiki/Mark_Crispin
en.wikipedia.org/wiki/Network_Information_Centre
en.wikipedia.org/wiki/PayPaI
en.wikipedia.org/wiki/Regional_Indicator_Symbol
en.wikipedia.org/wiki/Sorting_algorithm
enumeratedversions.html
erratafixed.html
et.wikipedia.org/wiki/Peeter_Pll
fa.de
font_keyboard.html
font_policy.html
fontforge.sourceforge.net/
fonts.html
fonts.jp/hanazono/
ftp://ftp.iana.org/tz/releases/
ftp://ftp.unicode.org/Public
ftp://ftp.unicode.org/Public/UCD/latest/ucd/CaseFolding.txt
ftp://ftp.unicode.org/Public/UCD/latest/ucd/SpecialCasing.txt
ftp://ftp.unicode.org/Public/UCD/latest/ucd/UnicodeData.txt
ftp://unicode.org/Public
ftp://unicode.org/Public/UCD/latest/
gist.github.com/swanhtet1992/92898e667c67bf0dff90
gist.github.com/trhura/b60ff85937d79812ddff
github.com/briandfoy/Unicode-Tussle
github.com/googlei18n/myanmar-tools
github.com/greenlikeorange/knayi-myscript
github.com/saturngod/Unicode-Zawgyi-Converter
github.com/unicode-org/uli-docs/issues/3
googleblog.blogspot.ch/2012/02/unicode-over-60-percent-of-web.html
googleblog.blogspot.com/2008/05/moving-to-unicode-51.html
googleblog.blogspot.com/2010/01/unicode-nearing-50-of-web.html
home.ix.netcom.com/~asmus-inc/Tutorial5.0/index.html
i18napis.appspot.com/address/data/CH
i18napis.appspot.com/address/data/US
iana.org/
icu-project.org
incits.org/committees/l2
index.html
infitt.org
infitt.org/
inter-locale.com/ID/iuc27-a14.html
inter-locale.com/whitepaper/multilingual/ml73-ws-20050524.xml
internships.html
ipr_policy.html
iso15924chform.html
iso15924-codes.html
iso15924-en.html
iso15924form.html
iso15924-fr.html
iso15924jac.html
iso15924-num.html
iso15924-text.html
isotc.iso.org/livelink/livelink?func=ll&objId=8917016&objAction=browse&sort=name&viewType=1
isotc.iso.org/livelink/livelink?func=ll&objId=8917016&objAction=browse&viewType=1
isotc.iso.org/livelink/livelink?func=ll&objId=8919192&objAction=browse&sort=name&viewType=1
java.sun.com/j2se/1.4.2/docs/api/
java.sun.com/j2se/1.5.0/docs/guide/intl/fontconfig.html
java.sun.com/javase/6/docs/technotes/guides/intl/fontconfig.html
javascript:;
jdlh.com/en/doc/2008/unicode_doggerel.html
join.html
keyboards.html
L2018/
L2018/18001-register-2017.htm
L2018/18002-axe-emoji.pdf
L2018/18003-parachute-emoji.pdf
L2018/18004-compat-dprk.pdf
L2018/18005-n4925-names-for-large-scripts.pdf
L2018/18006.htm
L2018/18007.htm
L2018/18008-closed-ai.html
L2018/18009-pubrev.html
L2018/18010r-khwarezmian.pdf
L2018/18011-info-kps9566-2011.pdf
L2018/18012-irgn2273-four-new-idcs.pdf
L2018/18013-svs-proposal.pdf
L2018/18014-feedbk-dprk-symbols.pdf
L2018/18015-malayalam-end-text-mark.pdf
L2018/18016r-dives-akuru.pdf
L2018/18017-encl-postal-mark.pdf
L2018/18018-chess-emoji.pdf
L2018/18019-poison-emoji.pdf
L2018/18020-std-var-seq-bopomofo-i.pdf
L2018/18021-bopomofo-info.pdf
L2018/18022-emoji-gender.pdf
L2018/18023-emoji-recs.pdf
L2018/18024-emoji-recs12.pdf
L2018/18025-fdbk-editorial.pdf
L2018/18026-bidi-math-prop.html
L2018/18027-wg2-fdbk-response.pdf
L2018/18028-hamza-proposal.pdf
L2018/18029-diya-emoji-name-fdbk.pdf
L2018/18030-palaeohispanic.pdf
L2018/18031-wg2-comments.pdf
L2018/18032-hindko.pdf
L2018/18033-emoji-diya-name-retain.pdf
L2018/18034-malayalam-pushpika-name-chg.pdf
L2018/18035-vedic-gomukha-issues.pdf
L2018/18036-n4926-egyptian-controls.pdf
L2018/18037-case-map-circled-m.pdf
L2018/18038-mayan.pdf
L2018/18039-script-adhoc-rec.pdf
L2018/18040-sei-liaison-rept.pdf
L2018/18041-n4927-add-thai.pdf
L2018/18042-n4927a-iso-cd-20674-4.pdf
L2018/18043-n4927b-iso-tc046-n2654-results.pdf
L2018/18044-encoding-emoji.pdf
L2018/18045-usource-china-tel-5831.pdf
L2018/18046-virama-zwj.pdf
L2018/18047-mayan-presentation.pdf
L2018/18048-4idc-comments.pdf
L2018/18049r-bidi-mirror.txt
L2018/18050-seg-rule-update.pdf
L2018/18051r-emoji-ad-hoc-resp.pdf
L2018/18052-bopomofo-cmt.pdf
L2018/18053-consonant-suffixed.txt
L2018/18054-tamil-shri.txt
L2018/18055-feedbk-uax29.pdf
L2018/18056-future-adds.pdf
L2018/18057-kps9566-excl.pdf
L2018/18058-postal-mark-triangle.pdf
L2018/18059-pirate-flag.pdf
L2018/18060-sinhala-candrabindu.pdf
L2018/18061r-luri-letters.pdf
L2018/18062r-moon-var-prop2.pdf
L2018/18063-remove-ucs2003-ext-b.pdf
L2018/18064-add-uax45-chars.pdf
L2018/18065-gsource-chg.pdf
L2018/18066r-iicore-changes.pdf
L2018/18067-couple-emoji.pdf
L2018/18068-n4939-thai-noi-translit.pdf
L2018/18069-miao-fdbk.pdf
L2018/18070-feedback-thai-cd.pdf
L2018/18071-irgn2298-cmt.pdf
L2018/18072-toward-thai-noi.pdf
L2018/18073-svs-proposal.pdf
L2018/18074-sloth-emoji-.pdf
L2018/18075-ardhavisarga-props.pdf
L2018/18076-garlic-emoji.pdf
L2018/18077-onion-emoji.pdf
L2018/18078-tibetan-depr.pdf
L2018/18079-sinhala-candrabindu.pdf
L2018/18080-accessibility-emoji.pdf
L2018/18081-rejang-numbers.pdf
L2018/18082-cjk-misc.pdf
L2018/18083-pallava.pdf
L2018/18084-takri-vowel-sign-r.pdf
L2018/18085-sirmauri.pdf
L2018/18086-auto-rickshaw-emoji.pdf
L2018/18087-waffle-emoji.pdf
L2018/18088-tally-marks.pdf
L2018/18089-ext-emoj-suppt.pdf
L2018/18090-tachograph-symbols.pdf
L2018/18091-sitting-standing-emoji.pdf
L2018/18092-blood-drop-emoji.pdf
L2018/18093-otter-emoji.pdf
L2018/18094-arabic-hausa.pdf
L2018/18095-tachograph-fdbk.pdf
L2018/18096-telegraph-upd.pdf
L2018/18097-nine-usource-adds.pdf
L2018/18098-flamingo-emoji.pdf
L2018/18099-mwg2-1-mong-proposal.pdf
L2018/18100-mwg2-2-opinions.pdf
L2018/18101-mwg2-3-graphetic-analysis.pdf
L2018/18102-mwg2-4-graphetic-model.pdf
L2018/18103-mwg2-7-updates-phonetic.pdf
L2018/18104-mwg2-8-cmpr-graphetic-phonetic.pdf
L2018/18105-mwg2-9-unicode-mong.pdf
L2018/18106-mwg2-12-current-problems.pdf
L2018/18107-mwg2-13-summary-improvement.pdf
L2018/18108-mwg2-14-meeting-report.pdf
L2018/18109-utr53-disp-fdbk.html
L2018/18110-gender-update.pdf
L2018/18111-iceberg-emoji.pdf
L2018/18112-butter-emoji.pdf
L2018/18113-ballet-emoji.pdf
L2018/18114.htm
L2018/18115.htm
L2018/18116-closed-ai.html
L2018/18117-pubrev.html
L2018/18118-redefine-default-sortkey.pdf
L2018/18119-uax38-regex-changes.pdf
L2018/18120-new-char-property.pdf
L2018/18121r-n4943-khitan-cluster.pdf
L2018/18122-mate-emoji.pdf
L2018/18123-oyster-emoji.pdf
L2018/18124-banjo-emoji.pdf
L2018/18125-falafel-emoji.pdf
L2018/18126-old-uyghur.pdf
L2018/18127-ringed-planet.pdf
L2018/18128-skunk-emoji.pdf
L2018/18129-yo-yo-emoji.pdf
L2018/18130-juice-emoji.pdf
L2018/18131-n4942-shuishu-cmt.pdf
L2018/18132-n4945-zanabazar-add.pdf
L2018/18133-n4946-shuishu-cmt2.pdf
L2018/18134-nelson-uax45-fenn.pdf
L2018/18135-kite-emoji.pdf
L2018/18136-tamil-shrii-cmt.txt
L2018/18137-orangutan-emoji.pdf
L2018/18138-access-fdbk.pdf
L2018/18139-pinch-emoji.pdf
L2018/18140-stethoscope-emoji.pdf
L2018/18141r2-emoji-colors.pdf
L2018/18142-medefaidrin-corr.pdf
L2018/18143r2-emoji-recs.pdf
L2018/18144-sari-emoji.pdf
L2018/18145-malayalam-mark.pdf
L2018/18146-bandage-emoji.pdf
L2018/18147-uax29-32-draft.pdf
L2018/18148-uts51-13-draft.pdf
L2018/18149-uax44-21-draft.pdf
L2018/18150-uts10-37-draft.pdf
L2018/18151-utr53-2-draft.pdf
L2018/18152-uax11-34-draft.pdf
L2018/18153-uax38-24-draft.pdf
L2018/18154-uax45-18-draft.pdf
L2018/18155-uax9-38-draft.pdf
L2018/18156-uax50-20-draft.pdf
L2018/18157-uax15-46-draft.pdf
L2018/18158-uax41-22-draft.pdf
L2018/18159-uax31-28-draft.pdf
L2018/18160-uts39-16-draft.pdf
L2018/18161-uts46-20-draft.pdf
L2018/18162-uax14-40-draft.pdf
L2018/18163-uax42-22-draft.pdf
L2018/18164r-chorasmian.pdf
L2018/18165-n4944-hieroglyphs.pdf
L2018/18166-swimsuit-emoji.pdf
L2018/18167-shorts-briefs-emoji.pdf
L2018/18168-script-rec.pdf
L2018/18169-sei-liaison-rept.pdf
L2018/18170-shogi.pdf
L2018/18171-vowels-below.pdf
L2018/18172-tamil-shrii-cmt.pdf
L2018/18173-linebreak-chg.pdf
L2018/18174-hindko.pdf
L2018/18175-tigalari-reply.pdf
L2018/18176-future-adds.pdf
L2018/18177-irgn2285-activity-rept.pdf
L2018/18178-saw-emoji.pdf
L2018/18179-screwdriver-emoji.pdf
L2018/18180-name-changes.pdf
L2018/18181-n4947-assamese.pdf
L2018/18184-symbol-for-type-a-elec.pdf
L2018/18185-security.pdf
L2018/18186-mem-align.pdf
L2018/18187-utf-32-fdbk.pdf
L2018/18188-web-platform-diff.pdf
L2018/18189-irgn-2290-irg50-recs.pdf
L2018/18190-american-dozenal.pdf
L2018/18191-emoji12-cmt.pdf
L2018/18192-emoji12-cmt-resp.pdf
L2018/18193-shuishu-n4956.pdf
L2018/18194-tangut-n4957.pdf
L2018/18195-iso-stage-req.pdf
L2018/18196-iso-resp.txt
labs.spotify.com/2013/06/18/creative-usernames/
lcweb.loc.gov/marc/specifications/speccharucs.html
lcweb.loc.gov/standards/iso639-2/
lds.org/?lang=eng
levels.html
lgi.osi.hu/documents.php?id=1244
linguistics.berkeley.edu/sei
linguistics.berkeley.edu/sei/
Links
logistics-utc154.html
logo_policy.html
macchiato.com/slides/Unicode_from_a_distance.ppt
macchiato.com/slides/UnicodeMyths.pdf
mailto:aac-help@unicode.org?subject=Help with Adopt-a-Character
mailto:asmus@unicode.org
mailto:Convenor:%20Michel%20Suignard%20(michel@unicode.org)
mailto:docsubmit@unicode.org
mailto:info@unicodeconference.org
mailto:ken@unicode.org
mailto:lunde@adobe.com
mailto:mark@macchiato.com
mailto:markdavis@google.com
mailto:markus.icu@gmail.com
mara.gov.om
members.html
memblogo.html
mojikiban.ipa.go.jp/
mrdba.info/unicode-converter/
msdn.microsoft.com/en-us/globalization/mt644793
msdn.microsoft.com/en-us/library/aa331875.aspx
msdn.microsoft.com/en-us/library/ms679351.aspx
msdn.microsoft.com/en-us/library/system.globalization.cultureinfo(vs.71).aspx
msdn.microsoft.com/msdnmag/issues/07/01/Unicode/default.aspx
mwgm2-restaurants.pdf
my.adobeconnect.com/lunde/
my.wikipedia.org/wiki/Wikipedia:Font
news.bbc.co.uk/2/hi/africa/7138128.stm
news.html
not-the-roadmap/
obits.dignitymemorial.com/dignity-memorial/obituary.aspx?n=Michael-Kaplan&lc=4246&pid=176192738&uuid=ec6b8cda-c4b1-4b5f-9422-925b1e09a03a
online-tools.html
oreilly.com/catalog/9780596514471/
oss.software.ibm.com/icu/charset/
ossipedia.ipa.go.jp/ipafont/
past-conf.html
patent_policy.html
PDF/U0000.pdf
PDF/U0080.pdf
PDF/U0100.pdf
PDF/U0180.pdf
PDF/U0250.pdf
PDF/U02B0.pdf
PDF/U0300.pdf
PDF/U0370.pdf
PDF/U0400.pdf
PDF/U0500.pdf
PDF/U0530.pdf
PDF/U0590.pdf
PDF/U0600.pdf
PDF/U0700.pdf
PDF/U0750.pdf
PDF/U0780.pdf
PDF/U07C0.pdf
PDF/U0800.pdf
PDF/U0840.pdf
PDF/U0860.pdf
PDF/U08A0.pdf
PDF/U0900.pdf
PDF/U0980.pdf
PDF/U0A00.pdf
PDF/U0A80.pdf
PDF/U0B00.pdf
PDF/U0B80.pdf
PDF/U0C00.pdf
PDF/U0C80.pdf
PDF/U0D00.pdf
PDF/U0D80.pdf
PDF/U0E00.pdf
PDF/U0E80.pdf
PDF/U0F00.pdf
PDF/U1000.pdf
PDF/U10000.pdf
PDF/U100000.pdf
PDF/U10080.pdf
PDF/U10100.pdf
PDF/U10140.pdf
PDF/U10190.pdf
PDF/U101D0.pdf
PDF/U10280.pdf
PDF/U102A0.pdf
PDF/U102E0.pdf
PDF/U10300.pdf
PDF/U10330.pdf
PDF/U10350.pdf
PDF/U10380.pdf
PDF/U103A0.pdf
PDF/U10400.pdf
PDF/U10450.pdf
PDF/U10480.pdf
PDF/U104B0.pdf
PDF/U10500.pdf
PDF/U10530.pdf
PDF/U10600.pdf
PDF/U10800.pdf
PDF/U10840.pdf
PDF/U10860.pdf
PDF/U10880.pdf
PDF/U108E0.pdf
PDF/U10900.pdf
PDF/U10920.pdf
PDF/U10980.pdf
PDF/U109A0.pdf
PDF/U10A0.pdf
PDF/U10A00.pdf
PDF/U10A60.pdf
PDF/U10A80.pdf
PDF/U10AC0.pdf
PDF/U10B00.pdf
PDF/U10B40.pdf
PDF/U10B60.pdf
PDF/U10B80.pdf
PDF/U10C00.pdf
PDF/U10C80.pdf
PDF/U10D00.pdf
PDF/U10E60.pdf
PDF/U10F00.pdf
PDF/U10F30.pdf
PDF/U10FF80.pdf
PDF/U1100.pdf
PDF/U11000.pdf
PDF/U11080.pdf
PDF/U110D0.pdf
PDF/U11100.pdf
PDF/U11150.pdf
PDF/U11180.pdf
PDF/U111E0.pdf
PDF/U11200.pdf
PDF/U11280.pdf
PDF/U112B0.pdf
PDF/U11300.pdf
PDF/U11400.pdf
PDF/U11480.pdf
PDF/U11580.pdf
PDF/U11600.pdf
PDF/U11660.pdf
PDF/U11680.pdf
PDF/U11700.pdf
PDF/U11800.pdf
PDF/U118A0.pdf
PDF/U11A00.pdf
PDF/U11A50.pdf
PDF/U11AC0.pdf
PDF/U11C00.pdf
PDF/U11C70.pdf
PDF/U11D00.pdf
PDF/U11D60.pdf
PDF/U11EE0.pdf
PDF/U1200.pdf
PDF/U12000.pdf
PDF/U12400.pdf
PDF/U12480.pdf
PDF/U13000.pdf
PDF/U1380.pdf
PDF/U13A0.pdf
PDF/U1400.pdf
PDF/U14400.pdf
PDF/U1680.pdf
PDF/U16800.pdf
PDF/U16A0.pdf
PDF/U16A40.pdf
PDF/U16AD0.pdf
PDF/U16B00.pdf
PDF/U16E40.pdf
PDF/U16F00.pdf
PDF/U16FE0.pdf
PDF/U1700.pdf
PDF/U17000.pdf
PDF/U1720.pdf
PDF/U1740.pdf
PDF/U1760.pdf
PDF/U1780.pdf
PDF/U1800.pdf
PDF/U18800.pdf
PDF/U18B0.pdf
PDF/U1900.pdf
PDF/U1950.pdf
PDF/U1980.pdf
PDF/U19E0.pdf
PDF/U1A00.pdf
PDF/U1A20.pdf
PDF/U1AB0.pdf
PDF/U1B00.pdf
PDF/U1B000.pdf
PDF/U1B100.pdf
PDF/U1B170.pdf
PDF/U1B80.pdf
PDF/U1BC0.pdf
PDF/U1BC00.pdf
PDF/U1BCA0.pdf
PDF/U1C00.pdf
PDF/U1C50.pdf
PDF/U1C80.pdf
PDF/U1C90.pdf
PDF/U1CC0.pdf
PDF/U1CD0.pdf
PDF/U1D00.pdf
PDF/U1D000.pdf
PDF/U1D100.pdf
PDF/U1D200.pdf
PDF/U1D2E0.pdf
PDF/U1D300.pdf
PDF/U1D360.pdf
PDF/U1D400.pdf
PDF/U1D80.pdf
PDF/U1D800.pdf
PDF/U1DC0.pdf
PDF/U1E00.pdf
PDF/U1E000.pdf
PDF/U1E800.pdf
PDF/U1E900.pdf
PDF/U1EC70.pdf
PDF/U1EE00.pdf
PDF/U1F00.pdf
PDF/U1F000.pdf
PDF/U1F030.pdf
PDF/U1F0A0.pdf
PDF/U1F100.pdf
PDF/U1F200.pdf
PDF/U1F300.pdf
PDF/U1F600.pdf
PDF/U1F650.pdf
PDF/U1F680.pdf
PDF/U1F700.pdf
PDF/U1F780.pdf
PDF/U1F800.pdf
PDF/U1F900.pdf
PDF/U1FA00.pdf
PDF/U1FF80.pdf
PDF/U2000.pdf
PDF/U20000.pdf
PDF/U2070.pdf
PDF/U20A0.pdf
PDF/U20D0.pdf
PDF/U2100.pdf
PDF/U2150.pdf
PDF/U2190.pdf
PDF/U2200.pdf
PDF/U2300.pdf
PDF/U2400.pdf
PDF/U2440.pdf
PDF/U2460.pdf
PDF/U2500.pdf
PDF/U2580.pdf
PDF/U25A0.pdf
PDF/U2600.pdf
PDF/U2700.pdf
PDF/U27C0.pdf
PDF/U27F0.pdf
PDF/U2800.pdf
PDF/U2900.pdf
PDF/U2980.pdf
PDF/U2A00.pdf
PDF/U2A700.pdf
PDF/U2B00.pdf
PDF/U2B740.pdf
PDF/U2B820.pdf
PDF/U2C00.pdf
PDF/U2C60.pdf
PDF/U2C80.pdf
PDF/U2CEB0.pdf
PDF/U2D00.pdf
PDF/U2D30.pdf
PDF/U2D80.pdf
PDF/U2DE0.pdf
PDF/U2E00.pdf
PDF/U2E80.pdf
PDF/U2F00.pdf
PDF/U2F800.pdf
PDF/U2FF0.pdf
PDF/U2FF80.pdf
PDF/U3000.pdf
PDF/U3040.pdf
PDF/U30A0.pdf
PDF/U3100.pdf
PDF/U3130.pdf
PDF/U3190.pdf
PDF/U31A0.pdf
PDF/U31C0.pdf
PDF/U31F0.pdf
PDF/U3200.pdf
PDF/U3300.pdf
PDF/U3400.pdf
PDF/U3FF80.pdf
PDF/U4DC0.pdf
PDF/U4E00.pdf
PDF/U4FF80.pdf
PDF/U5FF80.pdf
PDF/U6FF80.pdf
PDF/U7FF80.pdf
PDF/U8FF80.pdf
PDF/U9FF80.pdf
PDF/UA000.pdf
PDF/UA490.pdf
PDF/UA4D0.pdf
PDF/UA500.pdf
PDF/UA640.pdf
PDF/UA6A0.pdf
PDF/UA700.pdf
PDF/UA720.pdf
PDF/UA800.pdf
PDF/UA830.pdf
PDF/UA840.pdf
PDF/UA880.pdf
PDF/UA8E0.pdf
PDF/UA900.pdf
PDF/UA930.pdf
PDF/UA960.pdf
PDF/UA980.pdf
PDF/UA9E0.pdf
PDF/UAA00.pdf
PDF/UAA60.pdf
PDF/UAA80.pdf
PDF/UAAE0.pdf
PDF/UAB00.pdf
PDF/UAB30.pdf
PDF/UAB70.pdf
PDF/UABC0.pdf
PDF/UAC00.pdf
PDF/UAFF80.pdf
PDF/UBFF80.pdf
PDF/UBOOP.pdf
PDF/UCFF80.pdf
PDF/UD7B0.pdf
PDF/UD800.pdf
PDF/UDC00.pdf
PDF/UDFF80.pdf
PDF/UE000.pdf
PDF/UE0000.pdf
PDF/UE0100.pdf
PDF/UEFF80.pdf
PDF/UF0000.pdf
PDF/UF900.pdf
PDF/UFB00.pdf
PDF/UFB50.pdf
PDF/UFE00.pdf
PDF/UFE10.pdf
PDF/UFE20.pdf
PDF/UFE30.pdf
PDF/UFE50.pdf
PDF/UFE70.pdf
PDF/UFF00.pdf
PDF/UFFF0.pdf
PDF/UFFF80.pdf
pending.html
people.ischool.berkeley.edu/~hearst/papers/why_phishing_works.pdf
people.w3.org/rishida/blog/?p=70
planetmath.org/stablesortingalgorithm
plus.google.com/114199149796022210033?rel=author
plus.google.com/117587389715494866571?rel=author
policies.html
principles.html
privacy_policy.html
proposals.html
r12a.github.io/apps/conversion/
r12a.github.io/scripts/fontlist/
r12a.github.io/scripts/tutorial/
related.html
repositories.cdlib.org/tlg/unicode/
resolved.html
rishida.net/scripts/myanmar/
rishida.net/scripts/uniview/
rishida.net/tools/analysestring/
rishida.net/tools/conversion/
rs.pdf
san-jose.cafebonappetit.com/cafe/layers-adobe/
scccroselfservice.org/web/document/DOC462S21743
scripts.sil.org/cms/scripts/page.php?site_id=nrsi&id=IWS-Chapter03
scripts.sil.org/cms/scripts/page.php?site_id=nrsi&id=IWS-Chapter04a
scripts.sil.org/cms/scripts/page.php?site_id=nrsi&id=IWS-Chapter04b
scripts.sil.org/cms/scripts/page.php?site_id=projects&item_id=graphite_apps
scripts.sil.org/cms/scripts/page.php?site_id=projects&item_id=graphite_devFont
scripts.sil.org/cms/scripts/page.php?site_id=projects&item_id=graphite_home
scripts.sil.org/GraphiteCompilerDownload
scripts_and_languages.html
scriptsource.org/
search.cpan.org/~bdfoy/Unicode-Tussle-1.03/lib/Unicode/Tussle.pm
selection.html
shop.csa.ca/
sip/
site.icu-project.org/
site.icu-project.org/bugs
site.icu-project.org/charts/charset
site.icu-project.org/contacts
site.icu-project.org/download
site.icu-project.org/home
sites.google.com
sites.google.com/site/cldr/system/app/pages/reportAbuse
sites.google.com/site/unicodelitc/system/app/pages/reportAbuse
slides.html
smile.amazon.com/ch/77-0269756
smp/
source.icu-project.org/repos/icu/icuhtml/trunk/design/jit_localization.html
ssp/
st.unicode.org/UnicodeJsps/list-unicodeset.jsp?a=%5B%3Aemoji%3A%5D&g=emoji
standards.html
standards.iso.org/ittf/PubliclyAvailableStandards/c063182_ISO_IEC_10646_2014.zip
standards.iso.org/ittf/PubliclyAvailableStandards/c063182_ISO_IEC_10646_2014_Electronic_Inserts.zip
standards.iso.org/ittf/PubliclyAvailableStandards/c065047_ISO_IEC_10646_2014_Amd_1_2015.zip
standards.iso.org/ittf/PubliclyAvailableStandards/c065047_ISO_IEC_10646_2014_Amd_1_2015_Electronic_inserts.zip
standards.iso.org/ittf/PubliclyAvailableStandards/c066791_IEC_10646_2014_Amd_2_2016.zip
standards.iso.org/ittf/PubliclyAvailableStandards/c066791_IEC_10646_2014_Amd_2_2016_Electronic_inserts.zip
standards.iso.org/ittf/PubliclyAvailableStandards/c069119_ISO_IEC_10646_2017.zip
standards.iso.org/ittf/PubliclyAvailableStandards/index.html
std.dkuug.dk/JTC1/SC2/
std.dkuug.dk/jtc1/sc2/wg2/
std.dkuug.dk/jtc1/sc2/wg2/docs/n2908.pdf
std.dkuug.dk/jtc1/sc2/wg2/docs/n2934.pdf
std.dkuug.dk/jtc1/sc2/wg2/docs/n3312.pdf
std.dkuug.dk/jtc1/sc2/wg2/docs/n3334.pdf
std.dkuug.dk/jtc1/sc2/wg2/latestdocs.html
superseded.html
supported.html
tc-procedures.html
tcvn.gov.vn
tech_files.html
tech_langid.html
tech_whichcharacter.html
tech_whichtext.html
tf.nist.gov/
tftus.com/
tip/
topical/
tr1/
tr10/
tr11/
tr12/
tr13/
tr14/
tr15/
tr16/
tr17/
tr18/
tr19/
tr2/
tr20/
tr21/
tr22/
tr23/
tr24/
tr25/
tr26/
tr27/
tr28/
tr29/
tr3/
tr30/
tr31/
tr32/
tr33/
tr34/
tr35.html
tr35/
tr35-collation.html
tr35-dates.html
tr35-general.html
tr35-info.html
tr35-keyboards.html
tr35-numbers.html
tr36/
tr37/
tr38/
tr39/
tr40/
tr41/
tr42/
tr44/
tr45/
tr46/
tr49/
tr50/
tr51/
tr52/
tr53/tr53-2.html
tr6/
tr7/
tr8/
tr9/
translation_policy.html
translations.html
tutorial-info.html
twitter.com/Athletics/status/804086215527964673
twitter.com/GoogleDesign/status/963826961536704512
twitter.com/unicode/
uax-proposed-updates.html
udhr.video
udhr.video/
uli.unicode.org/
uli.unicode.org/home/uli-charter
unicode.org
unicode.org/
unicode.org/acknowledgements/
unicode.org/announcements/pr-iuc33-1.html
unicode.org/announcements/pr-iuc34-1.html
unicode.org/announcements/pr-iuc35-1.html
unicode.org/announcements/pr-iuc35-2.html
unicode.org/charts/
unicode.org/charts/charindex.html
unicode.org/charts/collation/
unicode.org/charts/collation/chart_Myanmar.html
unicode.org/charts/index.html
unicode.org/charts/PDF/U1000.pdf
unicode.org/charts/PDF/UA9E0.pdf
unicode.org/charts/PDF/UAA60.pdf
unicode.org/cldr/
unicode.org/cldr/apps/survey/
unicode.org/cldr/corrigenda.html
unicode.org/cldr/data/common/collation/
unicode.org/cldr/data/common/main/el.xml
unicode.org/cldr/data/common/supplemental/
unicode.org/cldr/data/common/supplemental/supplementalData.xml
unicode.org/cldr/data/common/transforms/
unicode.org/cldr/data/diff/
unicode.org/cldr/dtd/1.1/ldml-example.xml
unicode.org/cldr/dtd/1.1/ldmlICU.dtd
unicode.org/cldr/dtd/1.1/ldmlOpenOffice.dtd
unicode.org/cldr/dtd/33/
unicode.org/cldr/filing_bug_reports.html
unicode.org/cldr/latest/common/bcp47
unicode.org/cldr/latest/common/validity/language.xml
unicode.org/cldr/latest/common/validity/region.xml
unicode.org/cldr/latest/common/validity/script.xml
unicode.org/cldr/latest/common/validity/subdivision.xml
unicode.org/cldr/latest/common/validity/unit.xml
unicode.org/cldr/latest/common/validity/variant.xml
unicode.org/cldr/repository_access.html
unicode.org/cldr/trac/newticket
unicode.org/cldr/trac/report
unicode.org/cldr/trac/ticket/10194
unicode.org/cldr/trac/ticket/10669
unicode.org/cldr/trac/ticket/10670
unicode.org/cldr/trac/ticket/10850
unicode.org/cldr/trac/ticket/10926
unicode.org/cldr/trac/ticket/10931
unicode.org/cldr/trac/ticket/10948
unicode.org/cldr/utility/
unicode.org/cldr/utility/character.jsp?a=2010
unicode.org/cldr/utility/character.jsp?a=2212
unicode.org/cldr/utility/list-unicodeset.jsp?a=%5B%3Aemoji%3A%5D&g=emoji
unicode.org/cldr/utility/list-unicodeset.jsp?a=[%3AMymr%3A]&g=
unicode.org/cldr/utility/list-unicodeset.jsp?a=[\p{Block%3DCJK_Unified_Ideographs}\p{Block%3DCJK_Compatibility_Ideographs}-\P{unified_ideograph}]
unicode.org/cldr/utility/list-unicodeset.jsp?a=[\p{unified+ideograph}-\p{Block%3DCJK_Unified_Ideographs}-\p{Block%3DCJK_Compatibility_Ideographs}]
unicode.org/cldr/utility/transform.jsp
unicode.org/consortium/distlist.html
unicode.org/consortium/join.html
unicode.org/consortium/tc-procedures.html
unicode.org/consortium/utc.html
unicode.org/copyright.html
unicode.org/education/
unicode.org/emoji/
unicode.org/emoji/images.html
unicode.org/faq/
unicode.org/faq/char_combmark.html
unicode.org/faq/unsup_char.html
unicode.org/faq/utf_bom.html
unicode.org/glossary/
unicode.org/iso15924/codelists.html
unicode.org/ivd/
unicode.org/notes/tn5/
unicode.org/policies/Unicode_Whistleblower_Policy.pdf
unicode.org/press/emoji.html
unicode.org/Public/
unicode.org/Public/emoji/
unicode.org/Public/emoji/latest/emoji-zwj-sequences.txt
unicode.org/Public/UCD/latest/ucd/StandardizedVariants.txt
unicode.org/reporting.html
unicode.org/reports/
unicode.org/reports/tr10/
unicode.org/reports/tr24/
unicode.org/reports/tr35/
unicode.org/reports/tr35/proposed.html
unicode.org/reports/tr41/
unicode.org/repos/cldr/tags/latest/common/bcp47/collation.xml
unicode.org/repos/cldr/tags/latest/common/bcp47/number.xml
unicode.org/repos/cldr/tags/latest/common/bcp47/transform.xml
unicode.org/repos/cldr/tags/latest/common/bcp47/transform_hybrid.xml
unicode.org/repos/cldr/tags/latest/common/bcp47/transform_ime.xml
unicode.org/repos/cldr/tags/latest/common/bcp47/transform_keyboard.xml
unicode.org/repos/cldr/tags/latest/common/bcp47/transform_mt.xml
unicode.org/repos/cldr/tags/latest/common/bcp47/transform_private_use.xml
unicode.org/repos/cldr/tags/latest/common/bcp47/transform-destination.xml
unicode.org/repos/cldr/tags/latest/common/supplemental/numberingSystems.xml
unicode.org/repos/cldr/tags/latest/common/validity/
unicode.org/repos/cldr/trunk/common/supplemental/coverageLevels.xml
unicode.org/resources/emoji.html
unicode.org/standard/WhatIsUnicode.html
unicode.org/terminology/about_term.html
unicode.org/timesens/logistics-utc137.html
unicode.org/timesens/logistics-utc138.html
unicode.org/timesens/logistics-utc152.html
unicode.org/uli/trac
unicode.org/versions/Unicode5.0.0/
unicode.org/versions/Unicode5.2.0/
unicode.org/wg2/
unicodeguidemed.jpg
unicode-inc.blogspot.com/
unihan.html
unihangridindex.html
unihanrsindex.html
unihansearch.html
unstats.un.org/unsd/methods/m49/m49.htm
unstats.un.org/unsd/methods/m49/m49regin.htm
unsupported.html
userguide.icu-project.org/collation
utc-minutes.html
utilika.org/
validator.w3.org
validator.w3.org/
varamozhi.sourceforge.net/iscii91.pdf
w3techs.com/technologies/details/en-utf8/all/all
web.tiscali.it/marco.cimarosti/pro_graf.html
webstore.ansi.org/
wenlin.com/cdl
where/
wikimediafoundation.org/wiki/Home
511.org
aa.tufs.ac.jp/en
adobe.com
adobe.com/devnet/opentype/
adobe.com/devnet/opentype/afdko.html
adobe.com/devnet/opentype/afdko/
adobe.com/go/Connectsetup
adobe.com/go/ConnectSetupMac
adobe.com/type/
alanwood.net/unicode/browsers.html
alanwood.net/unicode/fonts.html
alanwood.net/unicode/index.html
amazon.cn/gp/product/B00328IJ46?ver=gp&qid=1278002870&ref_=sr_1_1
amazon.com/exec/obidos/ASIN/1932026010/qid=1040674501/sr=11-1/ref=sr_11_1/002-5506471-6814454
amazon.com/exec/obidos/tg/feature/-/13004/
amazon.com/gp/product/0201700522/ref=pd_bxgy_img_b/002-7513385-3217658?_encoding=UTF8
amazon.com/gp/product/059610121X/qid=1151699952/sr=2-1/ref=pd_bbs_b_2_1/104-1645367-4868763?s=books&v=glance&n=283155
amazon.com/gp/product/0764546252/sr=8-1/qid=1144263998/ref=sr_1_1/002-7513385-3217658?_encoding=UTF8
amazon.fr/dp/2765409749?tag=unicode0a-21&camp=1414&creative=6410&linkCode=as1&creativeASIN=2765409749&adid=10XY3DCXG31M78PZ5VQQ&
amazon.fr/exec/obidos/ASIN/2711748278/qid=1151700038/sr=1-1/ref=sr_1_8_1/403-2470472-7172457
amazon.fr/exec/obidos/ASIN/2746205947/qid=1151700038/sr=1-2/ref=sr_1_8_2/403-2470472-7172457
amazon.fr/Unicode-5-0-pratique-Mark-Davis/dp/2100511408/ref=sr_1_1?ie=UTF8&s=books&qid=1213284665&sr=8-1
ansi.org
ansi.org/
ansi.org/internet_resources/overview/overview.aspx?menuid=12
apple.com
authorize.net/
babelstone.co.uk/Unicode/whatisit.html
basistech.com
bing.com
bortzmeyer.org/idn-et-phishing.html
cdfg.org
cdfg.org/
cl.cam.ac.uk/~mgk25/download/ucs-fonts.tar.gz
cl.cam.ac.uk/~mgk25/ucs-fonts.html
cl.cam.ac.uk/~mgk25/unicode.html
cnn.com/2000/TECH/computing/03/31/one.alphabet.idg/
compart.com/
consortiuminfo.org/standardsblog/article.php?story=20061017163856508
cs.auckland.ac.nz/~pgut001/pubs/phishing.pdf
cs.cuhk.edu.hk/~irg
csc.fi/english
currency-iso.org/en/home/tables.html
ddj.com/architect/184410264
decodeunicode.org/
decotype.com
denic.de/
diendan.org/nhung-con-nguoi/do-ba-phuoc-1952-2015
digicert.com
dkuug.dk/jtc1/sc2/wg2/docs/n1866.pdf
duckduckgo.com
duden.de/rechtschreibung/downloaden
eki.ee
elastic.co/blog/elastic-love-for-the-adopt-a-character-program-and-the-unicode-consortium
emojination.org
emojione.com
emojipedia.org
emojitracker.com/
emojixpress.com
evertype.com
evertype.com/
evertype.com/formal.html
evertype.com/standards/csur/
evertype.com/standards/iso10646/pdf/naxi-geba.pdf
evertype.com/standards/iso10646/pdf/rongorongo.pdf
evertype.com/standards/sc4/
facebook.com
facebook.com/pages/Friends-of-Unicode/127785250588285
factbites.com/topics/Chinese-input-methods-for-computers
fontlab.com/
fontmaster.nl/english/OTMaster_rdrct.html
fourmilab.ch/webtools/demoroniser/
francophonie.org/English.html
gala-global.org/
globalbydesign.com/2006/07/18/unicode-turns-50-today/
gmane.org/
gnome.org/
gnu.org/software/libiconv/
google.com
google.com/
"google.com/maps/place/222+Caspian+Dr,+Sunnyvale,+CA+94089"
google.com/search?q=input+method+editor
hluce.org/asia.aspx
hpl.hp.com/personal/ange/archives/archives-95/http-wg-archive/0313.html
htpassport.com
huawei.com
i18nguy.com/UnicodeBenefits.html
i18nguy.com/unicode-example.html
iab.org/
iana.org/assignments/character-sets
iana.org/assignments/language-subtag-registry
iana.org/assignments/language-subtag-registry/language-subtag-registry
iana.org/time-zones
ibm.com
ibm.com/software/globalization/cdra/index.jsp
icann.org/
icu-project.org/
icu-project.org/apiref/icu4c/classMessageFormat.html
icu-project.org/apiref/icu4c/classRuleBasedNumberFormat.html
icu-project.org/apiref/icu4c/umsg_8h.html
icu-project.org/apiref/icu4j/com/ibm/icu/text/UnicodeSet.html
icu-project.org/charts/charset/
icu-project.org/docs/papers/globalizing_software.ppt
icu-project.org/docs/papers/supplementaries_iuc21.ppt
icu-project.org/docs/papers/unicode_overview.ppt
icu-project.org/userguide/
icu-project.org/userguide/boundaryAnalysis.html
icu-project.org/userguide/Collate_Customization.html
icu-project.org/userguide/conversion-data.html
icu-project.org/userguide/Transformations.html
icu-project.org/userguide/unicodeSet.html
idrc.ca/EN/Pages/default.aspx
iec.ch
ietf.org
ietf.org/
ietf.org/about/process-docs.html
ietf.org/html.charters/wg-dir.html
ietf.org/ID.html
ietf.org/iesg.html
ietf.org/rfc/rfc2026.txt
ietf.org/rfc/rfc2130.txt
ietf.org/rfc/rfc2277.txt
ietf.org/rfc/rfc2850.txt
ietf.org/rfc/rfc3492.txt
ietf.org/rfc/rfc3629.txt
ietf.org/rfc/rfc3935.txt
ietf.org/rfc/rfc5234.txt
ietf.org/rfc/rfc6067.txt
ietf.org/rfc/rfc6497.txt
ietf.org/wg/
incits.org
incits.org/
infitt.com/newsite/
infitt.org/ti2009/day3/TIC%202009%20communique%20(English).pdf
infoterm.info
iso.ch/
iso.org
iso.org/
iso.org/committee/45050.html
iso.org/committee/48104.html
iso.org/committee/48750.html
iso.org/iso/about/iso_members.htm
iso.org/iso/catalogue_detail?csnumber=5448
iso.org/iso/country_codes
iso.org/iso/country_names_and_code_elements
iso.org/iso/en/prods-services/ISOstore/store.html
iso.org/iso/home/standards/benefitsofstandards/benefits_of_standards.htm
iso.org/iso/home/standards/currency_codes.htm
iso.org/iso/iso_technical_committee.html%3Fcommid%3D45050
iso.org/iso/iso8601
iso.org/iso/jtc1_home.html
iso.org/iso/standards_development/processes_and_procedures/iso_iec_directives_and_iso_supplement.htm
iso.org/iso/standards_development/technical_committees/list_of_iso_technical_committees/iso_technical_committee.htm?commid=45020
iso.org/iso/standards_development/technical_committees/list_of_iso_technical_committees/iso_technical_committee.htm?commid=48124
iso.org/iso-3166-country-codes.html
iso.org/iso-4217-currency-codes.html
iso.org/ittf
iso.org/obp/ui/
isoc.org/
itscj.ipsj.or.jp/ISO-IR/
itscj.ipsj.or.jp/itscj_english/iso-ir/ISO-IR.pdf
itu.int
itu.int/opb/publications.aspx?parent=T-SP&view=T-SP2
iwatafont.co.jp/news/pr6.html
javaworld.com/javaworld/jw-01-1998/jw-01-indepth_p.html
jhu.edu/~gazette/2000/nov1300/13cuneif.html
jhu.edu/digitalhammurabi/ice/ice.html
joelonsoftware.com/articles/Unicode.html
jsa.or.jp/default_english.asp
jtc1.org
kika.tech
kokusaika.jp/en/info/149-news-20100409.html
kotus.fi/index.phtml?l=en
le-dictionnaire.com/definition.php?mot=downloader
legacy.com/obituaries/mercurynews/obituary.aspx?pid=158762823
linguistics.berkeley.edu/
linguistics.berkeley.edu/sei
linguistics.berkeley.edu/sei/USR.html
linux.com/articles/39911
linux.com/feature/60386
linuxjournal.com/article.php?sid=7711
loc.gov/
loc.gov/index.html
loc.gov/marc/specifications/specchareacc.html
loc.gov/standards/iso639-2/
loc.gov/standards/iso639-2/langcodes.html
lsadc.org/
lulu.com/spotlight/unicode
macchiato.com/unicode/nfc-faq
mcfmyanmar.org/myanmar-unicode-converter/
microsoft.com
microsoft.com/en-us/Typography/default.aspx
microsoft.com/en-us/Typography/SpecificationsOverview.aspx
microsoft.com/typography/developers/opentype/default.htm
microsoft.com/typography/developers/volt/default.htm
microsoft.com/typography/otspec/cmap.htm
microsoft.com/typography/otspec/otlist.htm
microsoft.com/typography/tools/vtt.htm
microsoft.com/typography/tt/tt.htm
microsoft.com/typography/VOLT%20and%20InDesign/ligatures.mspx
monotypeimaging.com
mosict.gov.bd
mozilla.com/
mozilla.org/
multilingual.com/articleDetail.php?id=606
multilingual.com/articleDetail.php?id=757
multilingual.com/articleDetail.php?id=937
neh.gov
netflix.com
nextiva.com
nic.at
nic.de
niso.org/
nomfoundation.org
novasteps.com/shake-n-break.html
nyu.edu/its/pubs/connect/archives/96fall/hargitaivillage.html
oasis-open.org/committees/tc_home.php?wg_abbrev=xliff
oasis-open.org/cover/unicode-xml.html
oclc.org
oclc.org/us/en/global/default.htm
ofis-bzh.org/index.php
ohchr.org/EN/UDHR/
omg.org
openi18n.org/
openoffice.org/
open-std.org/jtc1/sc22/wg20/docs/n897-14652w25.pdf
open-std.org/jtc1/sc22/wg20/docs/n948-J1N6769-14652.pdf
opoudjis.net/unicode/unicode.html
oracle.com
oracle.com/technology/pub/columns/trute_unicode.html
pacificlinks.org
panlex.org
pcworld.com/article/145089/article.html
perlfoundation.org/
phon.ucl.ac.uk/home/wells/blog.htm
phon.ucl.ac.uk/home/wells/dia/diacritics-revised.htm
pik.bzh
rfc-editor.org/
rfc-editor.org/rfc/bcp/bcp47.txt
sap.com
sap.info/en/industries/manufacturing_industries/consumer_products/20090312_SDSALZ_en.html
sas.com
scholarly-societies.org/editorial_20011220.html
sciam.com/article.cfm?articleID=0008C786-91DB-1CD6-B4A8809EC588EEDF
scriptsource.org
sdtimes.com/article/story-20061015-05.html
shopify.com
siao2.com/
sil.org
sil.org/
sil.org/computing/catalog/show_software.asp?id=112
sil.org/computing/catalog/show_software.asp?id=91
simson.net/ref/2006/CHI-security-toolbar-final.pdf
sis.se/terminologi-och-dokumentation/sis-tk-445
sla.org/
standard.no/
tamilvu.org
tbray.org/ongoing/When/200x/2003/04/06/Unicode
tbray.org/ongoing/When/200x/2003/04/26/UTF
tbray.org/ongoing/When/200x/2006/06/19/Unicode-Blues
tbray.org/ongoing/When/200x/2006/10/22/Unicode-and-Ruby
teradata.com/
tinder.com/
tlg.uci.edu/
twitter.com/
unece.org/cefact/codesfortrade/codes_index.htm
unece.org/cefact/locode/welcome.html
unicode.org
unicode.org/acknowledgements/
unicode.org/acknowledgements/bulldog.html
unicode.org/acknowledgements/grants.html
unicode.org/acknowledgements/members-staff.html
unicode.org/acknowledgements/sei.html
unicode.org/acknowledgements/standard.html
unicode.org/acknowledgements/standardorg.html
unicode.org/alloc/about.html
unicode.org/alloc/ISOStages.html
unicode.org/alloc/nonapprovals.html
unicode.org/alloc/Pipeline.html
unicode.org/announcements/
unicode.org/announcements/ann-feb16-2010.html
unicode.org/announcements/ann-jan05-2010.html
unicode.org/announcements/ann-Jun02-2010.html
unicode.org/announcements/articles.html
unicode.org/announcements/AsciiBarrier.pdf
unicode.org/announcements/boilerplate.html
unicode.org/announcements/books.html
unicode.org/announcements/change.html
unicode.org/announcements/DerSpiegel35.pdf
unicode.org/announcements/InternationalSupport.pdf
unicode.org/announcements/kissascii.pdf
unicode.org/announcements/pr-3.0.html
unicode.org/announcements/pr-3.2.html
unicode.org/announcements/pr-4.0.html
unicode.org/announcements/pr-4.0Book.html
unicode.org/announcements/pr-4.1.html
unicode.org/announcements/pr-4.1-french.html
unicode.org/announcements/pr-401.html
unicode.org/announcements/pr-5.0.html
unicode.org/announcements/pr-5.0preorders.html
unicode.org/announcements/pr-5.1.html
unicode.org/announcements/pr-6.0.html
unicode.org/announcements/pr-6.0-core.html
unicode.org/announcements/pr-cldr.html
unicode.org/announcements/pr-cldr1.1.html
unicode.org/announcements/pr-cldr1.2.html
unicode.org/announcements/pr-cldr1.3.html
unicode.org/announcements/pr-cldr1.4.html
unicode.org/announcements/pr-cldr1.4s.html
unicode.org/announcements/pr-cldr1.5.html
unicode.org/announcements/pr-cldr1.5s.html
unicode.org/announcements/pr-cldr1.6.html
unicode.org/announcements/pr-cldr1.7.html
unicode.org/announcements/pr-cldr1.71.html
unicode.org/announcements/pr-cldr1.72.html
unicode.org/announcements/pr-cldr1.8.html
unicode.org/announcements/pr-cldr1.8-fr.html
unicode.org/announcements/pr-cldr19.html
unicode.org/announcements/pr-cldr2.html
unicode.org/announcements/pr-iuc19.html
unicode.org/announcements/pr-iuc20.html
unicode.org/announcements/pr-iuc21.html
unicode.org/announcements/pr-iuc22.html
unicode.org/announcements/pr-iuc24.html
unicode.org/announcements/pr-iuc25.html
unicode.org/announcements/pr-iuc29.html
unicode.org/announcements/pr-iuc29-2.html
unicode.org/announcements/pr-iuc29-3.html
unicode.org/announcements/pr-iuc29-4.html
unicode.org/announcements/pr-iuc29-5.html
unicode.org/announcements/pr-iuc29-6.html
unicode.org/announcements/pr-iuc29-7.html
unicode.org/announcements/pr-iuc30.html
unicode.org/announcements/pr-iuc30-2.html
unicode.org/announcements/pr-iuc30-3.html
unicode.org/announcements/pr-iuc30-4.html
unicode.org/announcements/pr-iuc30-5.html
unicode.org/announcements/pr-iuc30-6.html
unicode.org/announcements/pr-iuc31-1.html
unicode.org/announcements/pr-iuc31-2.html
unicode.org/announcements/pr-iuc31-3.html
unicode.org/announcements/pr-iuc32-cfp.html
unicode.org/announcements/pr-sbm.html
unicode.org/announcements/pr-ucd5.0.html
unicode.org/announcements/pr-udhr.html
unicode.org/announcements/pr-uli.html
unicode.org/announcements/quotations.html
unicode.org/announcements/ToUnicode.pdf
unicode.org/casestudy/
unicode.org/casestudy/cases/eBayUTF-8DBMigration.pdf
unicode.org/casestudy/cases/JustSystemsSuccessStory.pdf
unicode.org/casestudy/cases/UnicodeInEducation.pdf
unicode.org/casestudy/cases/UnicodeInMobilePhones.pdf
unicode.org/casestudy/cases/Yokoyama.pdf
unicode.org/cgi-bin/GetMatchingDocs.pl?
unicode.org/cgi-bin/GetUnihanData.pl?codepoint=%E5%AD%97
unicode.org/cgi-bin/GetUnihanData.pl?codepoint=%E6%96%87
unicode.org/cgi-bin/GetUnihanData.pl?codepoint=%E7%B5%B5
unicode.org/charts/
unicode.org/charts/About.html
unicode.org/charts/aboutcharindex.html
unicode.org/charts/case/
unicode.org/charts/charindex.html
unicode.org/charts/collation/
unicode.org/charts/fonts.html
unicode.org/charts/index.html
unicode.org/charts/nameslist/
unicode.org/charts/normalization/
unicode.org/charts/PDF/U0080.pdf
unicode.org/charts/PDF/U0980.pdf
unicode.org/charts/PDF/Unicode-11.0/
unicode.org/charts/unihan.html
unicode.org/charts/unihanrsindex.html
unicode.org/cldr
unicode.org/cldr/
unicode.org/cldr/charts/latest/supplemental/territory_containment_un_m_49.html
unicode.org/cldr/comparison_charts.html
unicode.org/cldr/data/charts/supplemental/language_territory_information.html
unicode.org/cldr/data/charts/supplemental/languages_and_scripts.html
unicode.org/cldr/data/diff/supplemental/supplemental.html
unicode.org/cldr/filing_bug_reports.html
unicode.org/cldr/index.html
unicode.org/cldr/procedures.html
unicode.org/cldr/process.html
unicode.org/cldr/survey_tool.html
unicode.org/cldr/utility/bidi.jsp
unicode.org/cldr/utility/character.jsp?a=2488
unicode.org/cldr/utility/confusables.jsp
unicode.org/cldr/utility/idna.jsp
unicode.org/cldr/utility/list-unicodeset.jsp?a=%5B:toNFKC=/%5C./:%5D
unicode.org/collation/
unicode.org/collation/ducet-changes.html
unicode.org/collation/ducet-criteria.html
unicode.org/conference/about-conf.html
unicode.org/conference/bulldog.html
unicode.org/conference/haiku.html
unicode.org/conference/uni-haiku.html
unicode.org/consortium/aboutdonations.html
unicode.org/consortium/adopt-a-character.html
unicode.org/consortium/applyingforgrants.html
unicode.org/consortium/California-FTB-Letter.pdf
unicode.org/consortium/consort.html
unicode.org/consortium/directors.html
unicode.org/consortium/distlist.html
unicode.org/consortium/donations.html
unicode.org/consortium/edcom.html
unicode.org/consortium/guideform.html
unicode.org/consortium/index.html
unicode.org/consortium/IRS-Letter-of-Determination.pdf
unicode.org/consortium/join.html
unicode.org/consortium/joinform.html
unicode.org/consortium/levels.html
unicode.org/consortium/liaison-members.html
unicode.org/consortium/members.html
unicode.org/consortium/memblogo.html
unicode.org/consortium/memoriam.html
unicode.org/consortium/newcomer.html
unicode.org/consortium/otherorganizations.html
unicode.org/consortium/positions.html
unicode.org/consortium/tc-procedures.html
unicode.org/consortium/Unicode-Bylaws.pdf
unicode.org/consortium/utc.html
unicode.org/consortium/utc-minutes.html
unicode.org/consortium/utc-minutes/UTC-080-199906.html
unicode.org/consortium/utc-minutes/UTC-081-199910.html
unicode.org/consortium/utc-minutes/UTC-082-200001.html
unicode.org/consortium/utc-minutes/UTC-083-200004.html
unicode.org/consortium/utc-minutes/UTC-084-200008.html
unicode.org/consortium/utc-minutes/UTC-085-200011.html
unicode.org/consortium/utc-minutes/UTC-086-200101.html
unicode.org/consortium/utc-minutes/UTC-087-200105.html
unicode.org/consortium/utc-minutes/UTC-088-200108.html
unicode.org/consortium/utc-minutes/UTC-089-200111.html
unicode.org/consortium/utc-minutes/UTC-090-200202.html
unicode.org/consortium/utc-minutes/UTC-091-200205.html
unicode.org/consortium/utc-minutes/UTC-092-200208.html
unicode.org/consortium/utc-minutes/UTC-093-200211.html
unicode.org/consortium/utc-minutes/UTC-094-200303.html
unicode.org/consortium/utc-minutes/UTC-095-200306.html
unicode.org/consortium/utc-minutes/UTC-096-200308.html
unicode.org/consortium/utc-minutes/UTC-097-200311.html
unicode.org/consortium/utc-minutes/UTC-098-200402.html
unicode.org/consortium/utc-minutes/UTC-099-200406.html
unicode.org/consortium/utc-minutes/UTC-100-200408.html
unicode.org/consortium/utc-minutes/UTC-101-200411.html
unicode.org/consortium/utc-minutes/UTC-102-200502.html
unicode.org/consortium/utc-minutes/UTC-103-200505.html
unicode.org/consortium/utc-minutes/UTC-104-200508.html
unicode.org/consortium/utc-minutes/UTC-105-200511.html
unicode.org/consortium/utc-minutes/UTC-106-200602.html
unicode.org/consortium/utc-minutes/UTC-107-200605.html
unicode.org/consortium/utc-minutes/UTC-108-200608.html
unicode.org/consortium/utc-minutes/UTC-109-200611.html
unicode.org/consortium/utc-minutes/UTC-110-200702.html
unicode.org/consortium/utc-minutes/UTC-111-200705.html
unicode.org/consortium/utc-minutes/UTC-112-200708.html
unicode.org/consortium/utc-minutes/UTC-113-200710.html
unicode.org/consortium/utc-minutes/UTC-114-200802.html
unicode.org/consortium/utc-minutes/UTC-115-200805.html
unicode.org/consortium/utc-minutes/UTC-116-200808.html
unicode.org/consortium/utc-minutes/UTC-117-200811.html
unicode.org/consortium/utc-minutes/UTC-118-200902.html
unicode.org/consortium/utc-minutes/UTC-119-200905.html
unicode.org/consortium/utc-minutes/UTC-120-200908.html
unicode.org/consortium/utc-minutes/UTC-121-200911.html
unicode.org/consortium/utc-minutes/UTC-122-201002.html
unicode.org/consortium/utc-minutes/UTC-123-201005.html
unicode.org/consortium/utc-minutes/UTC-124-201008.html
unicode.org/consortium/utc-minutes/UTC-125-201011.html
unicode.org/consortium/utc-minutes/UTC-126-201102.html
unicode.org/consortium/utc-minutes/UTC-127-201105.html
unicode.org/consortium/utc-minutes/UTC-128-201108.html
unicode.org/consortium/utc-minutes/UTC-130-201202.html
unicode.org/consortium/utc-minutes/UTC-131-201205.html
unicode.org/consortium/utc-minutes/UTC-133-2012011.html
unicode.org/consortium/utc-minutes/UTC-134-201301.html
unicode.org/consortium/utc-minutes/UTC-135-201305.html
unicode.org/consortium/utc-positions.html
unicode.org/consortium/utc-procedures.html
unicode.org/consortium/why_join.html
unicode.org/contacts.html
unicode.org/copyright.html
unicode.org/education/
unicode.org/education/consortwork.html
unicode.org/education/ngos.html
unicode.org/education/students.html
unicode.org/emoji/
unicode.org/emoji/charts/
unicode.org/emoji/charts/emoji-released.html
unicode.org/emoji/charts/emoji-versions.html
unicode.org/emoji/charts/index.html
unicode.org/emoji/charts-11.0/emoji-released.html
unicode.org/emoji/future/emoji-candidates.html
unicode.org/emoji/images.html
unicode.org/emoji/index.html
unicode.org/emoji/selection.html
unicode.org/errata/
unicode.org/errata/index.html
unicode.org/faq
unicode.org/faq/
unicode.org/faq/alpha_soup.html
unicode.org/faq/attribution.html
unicode.org/faq/basic_q.html
unicode.org/faq/bengali.html
unicode.org/faq/bidi.html
unicode.org/faq/blocks_ranges.html
unicode.org/faq/casemap_charprop.html
unicode.org/faq/char_combmark.html
unicode.org/faq/char_proposal.html
unicode.org/faq/collation.html
unicode.org/faq/compression.html
unicode.org/faq/conversion_mapping.html
unicode.org/faq/cope_change.html
unicode.org/faq/emoji_dingbats.html
unicode.org/faq/emoji_submission.html
unicode.org/faq/faq_on_faqs.html
unicode.org/faq/font_keyboard.html
unicode.org/faq/greek.html
unicode.org/faq/han_cjk.html
unicode.org/faq/hex-digit-values.txt
unicode.org/faq/idn.html
unicode.org/faq/indic.html
unicode.org/faq/internationalization.html
unicode.org/faq/korean.html
unicode.org/faq/languagetagging.html
unicode.org/faq/ligature_digraph.html
unicode.org/faq/line_breaking.html
unicode.org/faq/membership.html
unicode.org/faq/middleeast.html
unicode.org/faq/myanmar.html
unicode.org/faq/named_sequences.html
unicode.org/faq/normalization.html
unicode.org/faq/private_use.html
unicode.org/faq/programming.html
unicode.org/faq/prop_new_characters.html
unicode.org/faq/punctuation_symbols.html
unicode.org/faq/reports_process.html
unicode.org/faq/sdos.html
unicode.org/faq/security.html
unicode.org/faq/specifications.html
unicode.org/faq/tamil.html
unicode.org/faq/ucd.html
unicode.org/faq/unicode_iso.html
unicode.org/faq/unicode_web.html
unicode.org/faq/unsup_char.html
unicode.org/faq/utf_bom.html
unicode.org/faq/vs.html
unicode.org/fr/
unicode.org/glossary
unicode.org/glossary/
unicode.org/glossary/index.html
unicode.org/help/display_problems.html
unicode.org/help/translation.html
unicode.org/history/
unicode.org/history/20thceleb/20thceleb.html
unicode.org/history/20thceleb/DeLaHuntSong.mp3
unicode.org/history/20thceleb/IUC32pictures.html
unicode.org/history/20thceleb/McKenna-VinePoetry.mp3
unicode.org/history/20thceleb/TexinLimerick.mp3
unicode.org/history/20thceleb/Trivia.mp3
unicode.org/history/boardmembers.html
unicode.org/history/contributors.html
unicode.org/history/earlyyears.html
unicode.org/history/EarthwebCommercial.avi
unicode.org/history/first-pr.htm
unicode.org/history/hartinterview.html
unicode.org/history/hartmemo.html
unicode.org/history/index.html
unicode.org/history/movie/CorneliusSong.MOV
unicode.org/history/movie/DeLaHuntSong.MOV
unicode.org/history/movie/McKennaPoetry.MOV
unicode.org/history/movie/TexinLimeric.MOV
unicode.org/history/movie/Uni-44kStereo.mp3
unicode.org/history/movie/UniMovie-large.mov
unicode.org/history/movie/UniMovie-small.mov
unicode.org/history/museum.html
unicode.org/history/photoalbum/
unicode.org/history/photoalbum/dinner.html
unicode.org/history/photoalbum/irg2007.html
unicode.org/history/photoalbum/magda10yrs.html
unicode.org/history/photoalbum/TUS5.html
unicode.org/history/photoalbum/utc118.html
unicode.org/history/previousofficers.html
unicode.org/history/publicationdates.html
unicode.org/history/summary.html
unicode.org/history/unicode88.pdf
unicode.org/history/unicodeMOV.mov
unicode.org/history/unicodeWMV.wmv
unicode.org/history/versionone.html
unicode.org/index.html
unicode.org/iso15924
unicode.org/iso15924/
unicode.org/iso15924/codelists.html
unicode.org/iso15924/iso15924chform.html
unicode.org/iso15924/iso15924form.html
unicode.org/iso15924/standard/index.html
unicode.org/ivd/
unicode.org/ivd/index.html
unicode.org/L2/
unicode.org/L2/all-docs.html
unicode.org/L2/Historical/
unicode.org/L2/L1990/Register-1990.html
unicode.org/L2/L1991/Register-1991.html
unicode.org/L2/L1991-UTC/RegisterUTC-1991.html
unicode.org/L2/L1992/Register-1992.html
unicode.org/L2/L1992-UTC/RegisterUTC-1992.html
unicode.org/L2/L1993/Register-1993.html
unicode.org/L2/L1993-UTC/RegisterUTC-1993.html
unicode.org/L2/L1994/Register-1994.html
unicode.org/L2/L1994-UTC/RegisterUTC-1994.html
unicode.org/L2/L1995/Register-1995.html
unicode.org/L2/L1995-UTC/RegisterUTC-1995.html
unicode.org/L2/L1996/Register-1996.html
unicode.org/L2/L1996-UTC/RegisterUTC-1996.html
unicode.org/L2/L1997/Register-1997.html
unicode.org/L2/L1997-UTC/RegisterUTC-1997.html
unicode.org/L2/L1998/Register-1998.html
unicode.org/L2/L1998-UTC/RegisterUTC-1998.html
unicode.org/L2/L1999/n1959.pdf
unicode.org/L2/L1999/Register-1999.html
unicode.org/L2/L1999-UTC/RegisterUTC-1999.html
unicode.org/L2/L2000/Register-2000.html
unicode.org/L2/L2000-UTC/RegisterUTC-2000.html
unicode.org/L2/L2001/Register-2001.html
unicode.org/L2/L2002/Register-2002.html
unicode.org/L2/L2003/Register-2003.html
unicode.org/L2/L2004/Register-2004.html
unicode.org/L2/L2005/Register-2005.html
unicode.org/L2/L2006/Register-2006.html
unicode.org/L2/L2007/Register-2007.html
unicode.org/L2/L2008/Register-2008.html
unicode.org/L2/L2009/Register-2009.html
unicode.org/L2/L2010/10005-n3756-loma.pdf
unicode.org/L2/L2010/10063-n3762-kpelle.pdf
unicode.org/L2/L2010/10231-n3842-balti.pdf
unicode.org/L2/L2010/10295-pyu-chart.pdf
unicode.org/L2/L2010/Register-2010.html
unicode.org/L2/L2011/11103-balti-b.pdf
unicode.org/L2/L2011/11106-gurung-khema.pdf
unicode.org/L2/L2011/11145-kirat-rai.pdf
unicode.org/L2/L2011/11178-n4043.pdf
unicode.org/L2/L2011/11280-n4128-moon.pdf
unicode.org/L2/L2011/11353.htm
unicode.org/L2/L2011/11362-n4146-woleai.pdf
unicode.org/L2/L2011/Register-2011.html
unicode.org/L2/L2012/12125-kawi.pdf
unicode.org/L2/L2012/12228-n4292-afaka.pdf
unicode.org/L2/L2012/12229-n4293-bagam.pdf
unicode.org/L2/L2012/12238.htm
unicode.org/L2/L2012/12239.htm
unicode.org/L2/L2012/12311-n4323-mwangwego.pdf
unicode.org/L2/L2012/12342.htm
unicode.org/L2/L2012/12343.htm
unicode.org/L2/L2012/Register-2012.html
unicode.org/L2/L2013/13010.htm
unicode.org/L2/L2013/13011.htm
unicode.org/L2/L2013/13057.htm
unicode.org/L2/L2013/13058.htm
unicode.org/L2/L2013/13131.htm
unicode.org/L2/L2013/13132.htm
unicode.org/L2/L2013/13199.htm
unicode.org/L2/L2013/13200.htm
unicode.org/L2/L2013/13229-eskaya.pdf
unicode.org/L2/L2013/13230-intro-khimhun-tangsa.pdf
unicode.org/L2/L2013/13231-intro-mossang-tangsa.pdf
unicode.org/L2/L2013/Register-2013.html
unicode.org/L2/L2014/14009r-power-symbol.pdf
unicode.org/L2/L2014/14025.htm
unicode.org/L2/L2014/14026.htm
unicode.org/L2/L2014/14099.htm
unicode.org/L2/L2014/14100.htm
unicode.org/L2/L2014/14176.htm
unicode.org/L2/L2014/14177.htm
unicode.org/L2/L2014/14219r-n4628-adlam.pdf
unicode.org/L2/L2014/14249.htm
unicode.org/L2/L2014/14250.htm
unicode.org/L2/L2014/14285r3-newa.pdf
unicode.org/L2/L2014/Register-2014.html
unicode.org/L2/L2015/15004r-soyombo.pdf
unicode.org/L2/L2015/15016.htm
unicode.org/L2/L2015/15017.htm
unicode.org/L2/L2015/15066r-diwani-siyaq.pdf
unicode.org/L2/L2015/15090r-masaram-gondi.pdf
unicode.org/L2/L2015/15106.htm
unicode.org/L2/L2015/15107.htm
unicode.org/L2/L2015/15121r2-indic-siyaq.pdf
unicode.org/L2/L2015/15122r-persian-siyaq.pdf
unicode.org/L2/L2015/15186.htm
unicode.org/L2/L2015/15187.htm
unicode.org/L2/L2015/15233-makasar.pdf
unicode.org/L2/L2015/15234r-dogra.pdf
unicode.org/L2/L2015/15235-gunjala-gondi.pdf
unicode.org/L2/L2015/15245-n4697-nushu.pdf
unicode.org/L2/L2015/15253.htm
unicode.org/L2/L2015/15254.htm
unicode.org/L2/L2015/15337-zanabazar-square.pdf
unicode.org/L2/L2015/Register-2015.html
unicode.org/L2/L2016/16003.htm
unicode.org/L2/L2016/16004.htm
unicode.org/L2/L2016/16014-paucinhau-syllabary.pdf
unicode.org/L2/L2016/16069-n4709-garay-revision.pdf
unicode.org/L2/L2016/16101r-medefaidrin.pdf
unicode.org/L2/L2016/16120.htm
unicode.org/L2/L2016/16121.htm
unicode.org/L2/L2016/16202.htm
unicode.org/L2/L2016/16203.htm
unicode.org/L2/L2016/16245r-n4738r2-khitan-small.pdf
unicode.org/L2/L2016/16311r-hanifi-rohingya.pdf
unicode.org/L2/L2016/16312r-old-sogdian.pdf
unicode.org/L2/L2016/16324.htm
unicode.org/L2/L2016/16325.htm
unicode.org/L2/L2016/16371r2-sogdian.pdf
unicode.org/L2/L2016/Register-2016.html
unicode.org/L2/L2017/17002r3-n4780r3-nyiakeng-puachue-hmong.pdf
unicode.org/L2/L2017/17015.htm
unicode.org/L2/L2017/17016.htm
unicode.org/L2/L2017/17067r2-n4787r2-wancho.pdf
unicode.org/L2/L2017/17102.htm
unicode.org/L2/L2017/17103.htm
unicode.org/L2/L2017/17162-nandinagari.pdf
unicode.org/L2/L2017/17221.htm
unicode.org/L2/L2017/17222.htm
unicode.org/L2/L2017/17226r2-elymaic.pdf
unicode.org/L2/L2017/17348r-ottoman-siyaq.pdf
unicode.org/L2/L2017/17361.htm
unicode.org/L2/L2017/17362.htm
unicode.org/L2/L2017/Register-2017.html
unicode.org/L2/L2018/18006.htm
unicode.org/L2/L2018/18007.htm
unicode.org/L2/L2018/18016r-dives-akuru.pdf
unicode.org/L2/L2018/18044-encoding-emoji.pdf
unicode.org/L2/L2018/18114.htm
unicode.org/L2/L2018/18115.htm
unicode.org/L2/L2019/Register-2019.html
unicode.org/L2/L2020/Register-2020.html
unicode.org/L2/L2search.html
unicode.org/L2/L-curdoc.htm
unicode.org/L2/L-SD2.htm
unicode.org/L2/meetings/utc-meetings.html
unicode.org/L2/meetings/utc-meetings-early.html
unicode.org/L2/reg-hist.html
unicode.org/L2/sc2standards.html
unicode.org/L2/summary.html
unicode.org/mail-arch/
unicode.org/mailman/listinfo
unicode.org/members/
unicode.org/members/docsubmit.html
unicode.org/members/index.html
unicode.org/notes/
unicode.org/notes/about-notes.html
unicode.org/notes/tn1/
unicode.org/notes/tn10/
unicode.org/notes/tn11/
unicode.org/notes/tn12/
unicode.org/notes/tn13/
unicode.org/notes/tn14/
unicode.org/notes/tn15/
unicode.org/notes/tn17/
unicode.org/notes/tn18/
unicode.org/notes/tn19/
unicode.org/notes/tn2/
unicode.org/notes/tn20/
unicode.org/notes/tn21/
unicode.org/notes/tn22/
unicode.org/notes/tn23/
unicode.org/notes/tn24/
unicode.org/notes/tn25/
unicode.org/notes/tn26/
unicode.org/notes/tn27/
unicode.org/notes/tn28/
unicode.org/notes/tn29/
unicode.org/notes/tn3/
unicode.org/notes/tn30/
unicode.org/notes/tn31/
unicode.org/notes/tn32/
unicode.org/notes/tn33/
unicode.org/notes/tn34/
unicode.org/notes/tn35/
unicode.org/notes/tn36/
unicode.org/notes/tn37/
unicode.org/notes/tn39/
unicode.org/notes/tn4/
unicode.org/notes/tn40/
unicode.org/notes/tn41/
unicode.org/notes/tn42/
unicode.org/notes/tn5/
unicode.org/notes/tn6/
unicode.org/notes/tn7/
unicode.org/notes/tn8/
unicode.org/notes/tn9/
unicode.org/onlinedat/online.html
unicode.org/onlinedat/related.html
unicode.org/pending/about-sei.html
unicode.org/pending/docsubmit.html
unicode.org/pending/pending.html
unicode.org/pending/properties.html
unicode.org/pending/proposals.html
unicode.org/pending/symbol-guidelines.html
unicode.org/policies/collation_stability.html
unicode.org/policies/confidential_data_policy.html
unicode.org/policies/conflict_of_interest_policy.pdf
unicode.org/policies/font_policy.html
unicode.org/policies/gift_policy.html
unicode.org/policies/ipr_policy.html
unicode.org/policies/lastresortfont_eula.html
unicode.org/policies/locales_stability.html
unicode.org/policies/logo_policy.html
unicode.org/policies/mail_policy.html
unicode.org/policies/patent_policy.html
unicode.org/policies/policies.html
unicode.org/policies/privacy_policy.html
unicode.org/policies/property_value_stability_table.html
unicode.org/policies/reg_stability_policy.html
unicode.org/policies/stability_policy.html
unicode.org/policies/translation_policy.html
unicode.org/policies/Unicode_Whistleblower_Policy.pdf
unicode.org/press/
unicode.org/press/boilerplate.html
unicode.org/press/quotations.html
unicode.org/press/seachange.html
unicode.org/Public
unicode.org/Public/
unicode.org/Public/10.0.0/ucd/NamesList.html
unicode.org/Public/11.0.0/
unicode.org/Public/11.0.0/charts/
unicode.org/Public/11.0.0/charts/RSIndex.pdf
unicode.org/Public/11.0.0/ucd/NamesList.html
unicode.org/Public/5.0.0/
unicode.org/Public/5.2.0/
unicode.org/Public/5.2.0/ucdxml/
unicode.org/Public/cldr/
unicode.org/Public/emoji/5.0/emoji-variation-sequences.txt
unicode.org/Public/emoji/latest/
unicode.org/Public/idna/
unicode.org/Public/MAPPINGS
unicode.org/Public/MAPPINGS/
unicode.org/Public/MAPPINGS/OBSOLETE/EASTASIA/
unicode.org/Public/MAPPINGS/VENDORS
unicode.org/Public/math/
unicode.org/Public/PROGRAMS/
unicode.org/Public/security/
unicode.org/Public/UCA/
unicode.org/Public/UCA/11.0.0/
unicode.org/Public/UCA/11.0.0/allkeys.txt
unicode.org/Public/UCA/11.0.0/CollationTest.html
unicode.org/Public/UCA/11.0.0/CollationTest.zip
unicode.org/Public/UCA/latest/
unicode.org/Public/UCA/latest/allkeys.txt
unicode.org/Public/UCA/latest/CollationTest.html
unicode.org/Public/UCA/latest/CollationTest.zip
unicode.org/Public/UCD/latest/
unicode.org/Public/UCD/latest/ucd/Blocks.txt
unicode.org/Public/UCD/latest/ucd/DerivedAge.txt
unicode.org/Public/UCD/latest/ucd/extracted/DerivedBidiClass.txt
unicode.org/Public/UCD/latest/ucd/NamedSequences.txt
unicode.org/Public/UCD/latest/ucd/NamedSequencesProv.txt
unicode.org/Public/UCD/latest/ucd/NamesList.html
unicode.org/Public/UCD/latest/ucd/NamesList.txt
unicode.org/Public/UCD/latest/ucd/PropertyValueAliases.txt
unicode.org/Public/UCD/latest/ucd/PropList.txt
unicode.org/Public/UCD/latest/ucd/Scripts.txt
unicode.org/Public/UCD/latest/ucd/StandardizedVariants.txt
unicode.org/Public/UCD/latest/ucdxml/
unicode.org/Public/UNIDATA/Index.txt
unicode.org/Public/UNIDATA/NamesList.html
unicode.org/Public/UNIDATA/NamesList.txt
unicode.org/Public/UNIDATA/PropertyValueAliases.txt
unicode.org/Public/vertical/
unicode.org/Public/zipped/
unicode.org/Public/zipped/11.0.0/
unicode.org/publications/
unicode.org/references/
unicode.org/reporting.html
unicode.org/reports/
unicode.org/reports/about-reports.html
unicode.org/reports/index.html
unicode.org/reports/tr10/
unicode.org/reports/tr10/charts/
unicode.org/reports/tr10/proposed.html
unicode.org/reports/tr10/tr10-36.html
unicode.org/reports/tr10/tr10-37.html
unicode.org/reports/tr10/tr10-38.html
unicode.org/reports/tr11/
unicode.org/reports/tr11/tr11-34.html
unicode.org/reports/tr11/tr11-35.html
unicode.org/reports/tr14/
unicode.org/reports/tr14/tr14-40.html
unicode.org/reports/tr14/tr14-41.html
unicode.org/reports/tr15/
unicode.org/reports/tr15/charts/
unicode.org/reports/tr15/proposed.html
unicode.org/reports/tr15/tr15-45.html
unicode.org/reports/tr15/tr15-46.html
unicode.org/reports/tr15/tr15-47.html
unicode.org/reports/tr16/
unicode.org/reports/tr17/
unicode.org/reports/tr17/tr17-5.html
unicode.org/reports/tr17/tr17-7.html
unicode.org/reports/tr18/
unicode.org/reports/tr20/
unicode.org/reports/tr21/
unicode.org/reports/tr21/charts/
unicode.org/reports/tr22/
unicode.org/reports/tr23/
unicode.org/reports/tr24
unicode.org/reports/tr24/
unicode.org/reports/tr24/charts/
unicode.org/reports/tr24/proposed.html
unicode.org/reports/tr24/tr24-27.html
unicode.org/reports/tr24/tr24-28.html
unicode.org/reports/tr25/
unicode.org/reports/tr25/tr25-15.pdf
unicode.org/reports/tr26/
unicode.org/reports/tr27/
unicode.org/reports/tr27/tr27-4.html
unicode.org/reports/tr28/
unicode.org/reports/tr28/tr28-3.html
unicode.org/reports/tr29/
unicode.org/reports/tr29/tr29-32.html
unicode.org/reports/tr29/tr29-33.html
unicode.org/reports/tr31/
unicode.org/reports/tr31/tr31-28.html
unicode.org/reports/tr31/tr31-29.html
unicode.org/reports/tr32/
unicode.org/reports/tr33/
unicode.org/reports/tr34/
unicode.org/reports/tr34/tr34-23.html
unicode.org/reports/tr35/
unicode.org/reports/tr35/proposed.html
unicode.org/reports/tr35/tr35-49/tr35.html
unicode.org/reports/tr35/tr35-51/tr35.html
unicode.org/reports/tr35/tr35-collation.html
unicode.org/reports/tr35/tr35-general.html
unicode.org/reports/tr36/
unicode.org/reports/tr37/
unicode.org/reports/tr38/
unicode.org/reports/tr38/tr38-24.html
unicode.org/reports/tr38/tr38-25.html
unicode.org/reports/tr39/
unicode.org/reports/tr39/tr39-16.html
unicode.org/reports/tr39/tr39-17.html
unicode.org/reports/tr41/
unicode.org/reports/tr41/tr41-22.html
unicode.org/reports/tr41/tr41-23.html
unicode.org/reports/tr42/
unicode.org/reports/tr42/tr42-22.html
unicode.org/reports/tr42/tr42-23.html
unicode.org/reports/tr44
unicode.org/reports/tr44/
unicode.org/reports/tr44/tr44-21.html
unicode.org/reports/tr44/tr44-22.html
unicode.org/reports/tr45/
unicode.org/reports/tr45/tr45-18.html
unicode.org/reports/tr45/tr45-19.html
unicode.org/reports/tr46/
unicode.org/reports/tr46/tr46-20.html
unicode.org/reports/tr46/tr46-21.html
unicode.org/reports/tr50/
unicode.org/reports/tr50/tr50-20.html
unicode.org/reports/tr50/tr50-21.html
unicode.org/reports/tr51/
unicode.org/reports/tr51/index.html
unicode.org/reports/tr51/tr51-13.html
unicode.org/reports/tr51/tr51-14.html
unicode.org/reports/tr53/tr53-2.html
unicode.org/reports/tr6/
unicode.org/reports/tr9/
unicode.org/reports/tr9/tr9-38.html
unicode.org/reports/tr9/tr9-39.html
unicode.org/repos/cldr/tags/latest/common/bcp47/calendar.xml
unicode.org/repos/cldr/tags/latest/common/bcp47/collation.xml
unicode.org/repos/cldr/tags/latest/common/bcp47/currency.xml
unicode.org/repos/cldr/tags/latest/common/bcp47/measure.xml
unicode.org/repos/cldr/tags/latest/common/bcp47/number.xml
unicode.org/repos/cldr/tags/latest/common/bcp47/segmentation.xml
unicode.org/repos/cldr/tags/latest/common/bcp47/timezone.xml
unicode.org/repos/cldr/tags/latest/common/bcp47/variant.xml
unicode.org/resources/
unicode.org/resources/fonts.html
unicode.org/resources/online-tools.html
unicode.org/resources/readinglist.html
unicode.org/review/
unicode.org/review/index.html
unicode.org/review/pri358/
unicode.org/review/pri372/feedback.html
unicode.org/roadmaps
unicode.org/roadmaps/
unicode.org/roadmaps/bmp/bmp-3-0.html
unicode.org/roadmaps/smp/
unicode.org/search
unicode.org/search/
unicode.org/sitemap/
unicode.org/standard/principles.html
unicode.org/standard/stability_policy.html
unicode.org/standard/standard.html
unicode.org/standard/supported.html
unicode.org/standard/tutorial-info.html
unicode.org/standard/UnicodeTranscriptions.html
unicode.org/standard/unsupported.html
unicode.org/standard/versions/
unicode.org/standard/versions/enumeratedversions.html
unicode.org/standard/WhatIsUnicode.html
unicode.org/standard/WhatIsUnicode-more.html
unicode.org/standard/where
unicode.org/standard/where/
unicode.org/terminology/about_term.html
unicode.org/terminology/term_en_fr.html
unicode.org/terminology/term_en_ja.html
unicode.org/terminology/term_en_zh_Hant_HK.html
unicode.org/terminology/term_fr_en.html
unicode.org/terminology/term_ja_en.html
unicode.org/terminology/term_zh_Hant_HK_en.html
unicode.org/terms_of_use.html
unicode.org/timesens/calendar.html
unicode.org/timesens/logistics-mongolian.html
unicode.org/timesens/logistics-utc132.html
unicode.org/timesens/logistics-utc133.html
unicode.org/timesens/logistics-utc134.html
unicode.org/timesens/logistics-utc135.html
unicode.org/timesens/logistics-utc136.html
unicode.org/timesens/logistics-utc139.html
unicode.org/timesens/logistics-utc140.html
unicode.org/timesens/logistics-utc141.html
unicode.org/timesens/logistics-utc142.html
unicode.org/timesens/logistics-utc143.html
unicode.org/timesens/logistics-utc144.html
unicode.org/timesens/logistics-utc145.html
unicode.org/timesens/logistics-utc146.htm
unicode.org/timesens/logistics-utc147.html
unicode.org/timesens/logistics-utc148.html
unicode.org/timesens/logistics-utc149.html
unicode.org/timesens/logistics-utc150.html
unicode.org/timesens/logistics-utc151.html
unicode.org/timesens/logistics-utc153.html
unicode.org/timesens/logistics-utc154.html
unicode.org/timesens/logistics-utc155.html
unicode.org/ucd
unicode.org/ucd/
unicode.org/udhr
unicode.org/udhr/
unicode.org/udhr/contributors.html
unicode.org/uli/
unicode.org/uli/pas/
unicode.org/uli/pas/gmx/gmx-v10.xsd
unicode.org/uli/pas/gmx-v/
unicode.org/uli/pas/srx/
unicode.org/unibook/
unicode.org/unicode/copyright.html
unicode.org/unicode/faq/
unicode.org/versions/
unicode.org/versions/beta.html
unicode.org/versions/beta-11.0.0.html
unicode.org/versions/components-1.0.0.html
unicode.org/versions/components-1.0.1.html
unicode.org/versions/components-1.1.0.html
unicode.org/versions/components-1.1.5.html
unicode.org/versions/components-10.0.0.html
unicode.org/versions/components-11.0.0.html
unicode.org/versions/components-2.0.0.html
unicode.org/versions/components-2.1.2.html
unicode.org/versions/components-2.1.5.html
unicode.org/versions/components-2.1.8.html
unicode.org/versions/components-2.1.9.html
unicode.org/versions/components-3.0.0.html
unicode.org/versions/components-3.0.1.html
unicode.org/versions/components-3.1.0.html
unicode.org/versions/components-3.1.1.html
unicode.org/versions/components-3.2.0.html
unicode.org/versions/components-4.0.0.html
unicode.org/versions/components-4.0.1.html
unicode.org/versions/components-4.1.0.html
unicode.org/versions/components-5.0.0.html
unicode.org/versions/components-5.1.0.html
unicode.org/versions/components-5.2.0.html
unicode.org/versions/components-6.0.0.html
unicode.org/versions/components-6.1.0.html
unicode.org/versions/components-6.2.0.html
unicode.org/versions/components-6.3.0.html
unicode.org/versions/components-7.0.0.html
unicode.org/versions/components-8.0.0.html
unicode.org/versions/components-9.0.0.html
unicode.org/versions/corrigenda.html
unicode.org/versions/corrigendum1.html
unicode.org/versions/corrigendum2.html
unicode.org/versions/corrigendum3.html
unicode.org/versions/corrigendum4.html
unicode.org/versions/corrigendum5.html
unicode.org/versions/corrigendum6.html
unicode.org/versions/corrigendum7.html
unicode.org/versions/corrigendum8.html
unicode.org/versions/corrigendum9.html
unicode.org/versions/enumeratedversions.html
unicode.org/versions/IICoreRSIndex.pdf
unicode.org/versions/index.html
unicode.org/versions/latest
unicode.org/versions/latest/
unicode.org/versions/latest/appA.pdf
unicode.org/versions/latest/appC.pdf
unicode.org/versions/latest/appD.pdf
unicode.org/versions/latest/appE.pdf
unicode.org/versions/latest/ch02.pdf
unicode.org/versions/latest/ch03.pdf
unicode.org/versions/latest/ch04.pdf
unicode.org/versions/latest/ch05.pdf
unicode.org/versions/latest/ch06.pdf
unicode.org/versions/latest/ch07.pdf
unicode.org/versions/latest/ch09.pdf
unicode.org/versions/latest/ch12.pdf
unicode.org/versions/latest/ch13.pdf
unicode.org/versions/latest/ch16.pdf
unicode.org/versions/latest/ch18.pdf
unicode.org/versions/latest/ch21.pdf
unicode.org/versions/latest/ch23.pdf
unicode.org/versions/latest/References.pdf
unicode.org/versions/Unicode1.0.0
unicode.org/versions/Unicode1.0.0/
unicode.org/versions/Unicode1.1.0/
unicode.org/versions/Unicode10.0.0/
unicode.org/versions/Unicode10.0.0/ch05.pdf
unicode.org/versions/Unicode10.0.0/erratafixed.html
unicode.org/versions/Unicode11.0.0/
unicode.org/versions/Unicode11.0.0/appA.pdf
unicode.org/versions/Unicode11.0.0/appB.pdf
unicode.org/versions/Unicode11.0.0/appC.pdf
unicode.org/versions/Unicode11.0.0/appD.pdf
unicode.org/versions/Unicode11.0.0/appE.pdf
unicode.org/versions/Unicode11.0.0/appF.pdf
unicode.org/versions/Unicode11.0.0/bookmarks.html
unicode.org/versions/Unicode11.0.0/ch01.pdf
unicode.org/versions/Unicode11.0.0/ch02.pdf
unicode.org/versions/Unicode11.0.0/ch03.pdf
unicode.org/versions/Unicode11.0.0/ch04.pdf
unicode.org/versions/Unicode11.0.0/ch05.pdf
unicode.org/versions/Unicode11.0.0/ch06.pdf
unicode.org/versions/Unicode11.0.0/ch07.pdf
unicode.org/versions/Unicode11.0.0/ch08.pdf
unicode.org/versions/Unicode11.0.0/ch09.pdf
unicode.org/versions/Unicode11.0.0/ch10.pdf
unicode.org/versions/Unicode11.0.0/ch11.pdf
unicode.org/versions/Unicode11.0.0/ch12.pdf
unicode.org/versions/Unicode11.0.0/ch13.pdf
unicode.org/versions/Unicode11.0.0/ch14.pdf
unicode.org/versions/Unicode11.0.0/ch15.pdf
unicode.org/versions/Unicode11.0.0/ch16.pdf
unicode.org/versions/Unicode11.0.0/ch17.pdf
unicode.org/versions/Unicode11.0.0/ch18.pdf
unicode.org/versions/Unicode11.0.0/ch19.pdf
unicode.org/versions/Unicode11.0.0/ch20.pdf
unicode.org/versions/Unicode11.0.0/ch21.pdf
unicode.org/versions/Unicode11.0.0/ch22.pdf
unicode.org/versions/Unicode11.0.0/ch23.pdf
unicode.org/versions/Unicode11.0.0/ch24.pdf
unicode.org/versions/Unicode11.0.0/Colophon.pdf
unicode.org/versions/Unicode11.0.0/erratafixed.html
unicode.org/versions/Unicode11.0.0/Preface.pdf
unicode.org/versions/Unicode11.0.0/Title.pdf
unicode.org/versions/Unicode11.0.0/UnicodeBookIX.pdf
unicode.org/versions/Unicode11.0.0/UnicodeBookTOC.pdf
unicode.org/versions/Unicode11.0.0/UnicodeStandard-11.0.pdf
unicode.org/versions/Unicode2.0.0
unicode.org/versions/Unicode2.0.0/
unicode.org/versions/Unicode2.1.0/
unicode.org/versions/Unicode3.0.0
unicode.org/versions/Unicode3.0.0/
unicode.org/versions/Unicode3.0.1/
unicode.org/versions/Unicode3.1.0/
unicode.org/versions/Unicode3.1.1.html
unicode.org/versions/Unicode3.1.1/
unicode.org/versions/Unicode3.2.0/
unicode.org/versions/Unicode4.0.0/
unicode.org/versions/Unicode4.0.0/erratafixed.html
unicode.org/versions/Unicode4.0.1/
unicode.org/versions/Unicode4.1.0/
unicode.org/versions/Unicode4.1.0/erratafixed.html
unicode.org/versions/Unicode5.0.0/
unicode.org/versions/Unicode5.0.0/erratafixed.html
unicode.org/versions/Unicode5.0.0/References.pdf
unicode.org/versions/Unicode5.0.0/Title.pdf
unicode.org/versions/Unicode5.1.0/
unicode.org/versions/Unicode5.1.0/erratafixed.html
unicode.org/versions/Unicode5.2.0/
unicode.org/versions/Unicode5.2.0/erratafixed.html
unicode.org/versions/Unicode6.0.0/
unicode.org/versions/Unicode6.0.0/ch09.pdf
unicode.org/versions/Unicode6.0.0/erratafixed.html
unicode.org/versions/Unicode6.1.0/
unicode.org/versions/Unicode6.1.0/erratafixed.html
unicode.org/versions/Unicode6.2.0/
unicode.org/versions/Unicode6.2.0/erratafixed.html
unicode.org/versions/Unicode6.3.0/
unicode.org/versions/Unicode6.3.0/erratafixed.html
unicode.org/versions/Unicode7.0.0/
unicode.org/versions/Unicode7.0.0/erratafixed.html
unicode.org/versions/Unicode8.0.0/
unicode.org/versions/Unicode8.0.0/appC.pdf
unicode.org/versions/Unicode8.0.0/ch05.pdf
unicode.org/versions/Unicode8.0.0/erratafixed.html
unicode.org/versions/Unicode9.0.0/
unicode.org/versions/Unicode9.0.0/appC.pdf
unicode.org/versions/Unicode9.0.0/ch03.pdf
unicode.org/versions/Unicode9.0.0/ch04.pdf
unicode.org/versions/Unicode9.0.0/ch05.pdf
unicode.org/versions/Unicode9.0.0/ch09.pdf
unicode.org/versions/Unicode9.0.0/ch12.pdf
unicode.org/versions/Unicode9.0.0/ch18.pdf
unicode.org/versions/Unicode9.0.0/ch23.pdf
unicode.org/versions/Unicode9.0.0/erratafixed.html
unicode.org/versions/Unicode9.0.0/UnicodeBookIX.pdf
unicode.org/versions/Unicode9.0.0/UnicodeBookTOC.pdf
unicode.org/webscripts/quick_links.html
unicode.org/wg2/
unicode.org/wg2/docs/AttendanceLog.xls
unicode.org/wg2/docs/AttendanceLog-2017-10-18.xls
unicode.org/wg2/meetings.html
unicode.org/wg2/principles.html
unicode.org/wg2/WG2-registry.html
unicodeconference.org/
unicodeconference.org/past-conferences.htm
unicodeconference.org/press-release-a.htm
unicodeconference.org/uni
uni-giessen.de
vta.org
w3.org
w3.org/2001/12/Glossary
w3.org/2003/entities/iso8879doc/isodia.html
w3.org/Consortium/activities
w3.org/Consortium/Process/
w3.org/International/
w3.org/International/articlelist
w3.org/International/core
w3.org/International/core/
w3.org/International/questions/qa-choosing-encodings
w3.org/International/technique-index
w3.org/TR/charmod/
w3.org/TR/html401/charset.html
w3.org/TR/html401/references.html
w3.org/TR/html5/document-metadata
w3.org/TR/japanese-xml/
w3.org/TR/REC-xml/
w3.org/TR/REC-xml-names/
w3.org/TR/xpath/
w3.org/XML/Schema
watchthatpage.com
wenlin.com/
wikipedia.org
wikipedia.org/
yahoo.com/
zhongyicts.com.cn/
zrc-sazu.si/ungegn/
www8.plala.or.jp/tkubota1/unicode-symbols-map2.html
xml.coverpages.org/iceBaltimoreSun20001113.html
yozvox.web.infoseek.co.jp/
zawgyi-unicode-test.appspot.com/
