// contains blog subdomain pages, but unmarked. Redo from unicode_pages.csv
acknowledgements/
acknowledgements/bulldog.html
acknowledgements/grants.html
alloc/Pipeline.html
announcements/
announcements/articles.html
announcements/books.html
announcements/quotations.html
casestudy/
charts/
charts/charindex.html
charts/index.html
charts/unihan.html
cldr/data/charts/supplemental/languages_and_scripts.html
cldr/process.html
conference/about-conf.html
consortium/aac-some-sponsors.gif
consortium/adopt-a-character.html
consortium/consort.html
consortium/distlist.html
consortium/donations.html
consortium/edcom.html
consortium/img/hideki_hiura.jpg
consortium/img/james-do.jpg
consortium/img/mark_crispin.jpg
consortium/img/michael_kaplan3.jpg
consortium/img/william_hall.jpg
consortium/index.html
consortium/join.html
consortium/memblogo.html
consortium/memoriam.html
consortium/newcomer.html
consortium/tc-procedures.html
consortium/utc.html
consortium/utc-minutes.html
consortium/why_join.html
contacts.html
copyright.html
education/
education/consortwork.html
education/ngos.html
education/students.html
emoji/
errata/
faq/
faq/alpha_soup.html
faq/attribution.html
faq/basic_q.html
faq/bengali.html
faq/bidi.html
faq/blocks_ranges.html
faq/casemap_charprop.html
faq/char_combmark.html
faq/char_proposal.html
faq/collation.html
faq/compression.html
faq/conversion_mapping.html
faq/cope_change.html
faq/emoji_dingbats.html
faq/emoji_submission.html
faq/faq_on_faqs.html
faq/faq_styles.css
faq/font_keyboard.html
faq/greek.html
faq/han_cjk.html
faq/idn.html
faq/indic.html
faq/internationalization.html
faq/korean.html
faq/languagetagging.html
faq/ligature_digraph.html
faq/line_breaking.html
faq/membership.html
faq/middleeast.html
faq/myanmar.html
faq/named_sequences.html
faq/normalization.html
faq/private_use.html
faq/programming.html
faq/prop_new_characters.html
faq/punctuation_symbols.html
faq/reports_process.html
faq/sdos.html
faq/security.html
faq/specifications.html
faq/tamil.html
faq/ucd.html
faq/unicode_iso.html
faq/unicode_web.html
faq/unsup_char.html
faq/utf_bom.html
faq/vs.html
glossary/
help/display_problems.html
history/
history/20thceleb/20thceleb.html
history/boardmembers.html
history/contributors.html
history/earlyyears.html
history/hartinterview.html
history/hartmemo.html
history/index.html
history/museum.html
history/photoalbum/
history/previousofficers.html
history/publicationdates.html
history/summary.html
history/versionone.html
img/donate-bevelled2.png
img/hb_notice.gif
img/icon-blogger_32.png
img/icon-facebook_32.png
img/icon-gplus-32-shadow.png
img/icon-rss_32.png
img/icon-twitter_32.png
img/iuc42-banner-sd.jpg
img/new.gif
iso15924/
iso15924/codechanges.html
iso15924/codelists.html
iso15924/develop.html
iso15924/iso15924form.html
iso15924/iso15924jac.html
ivd/
L2/index.html
L2/L2search.html
L2/L-curdoc.htm
L2/meetings/utc-meetings.html
members/index.html
notes/
onlinedat/online.html
pending/docsubmit.html
pending/pending.html
pending/proposals.html
policies/lastresortfont_eula.html
policies/policies.html
press/
Public/UNIDATA/Index.txt
Public/UNIDATA/NamesList.html
Public/UNIDATA/NamesList.txt
publications/
reporting.html
reports/index.html
reports/tr10/
reports/tr10/charts/
reports/tr15/
reports/tr15/charts/
reports/tr17/
reports/tr21/charts/
reports/tr24/
reports/tr24/charts/
reports/tr35/
resources/
review/
review/pri372/
roadmaps
search
sitemap/
standard/standard.html
standard/supported.html
standard/tutorial-info.html
standard/unsupported.html
standard/WhatIsUnicode.html
standard/where/
standard/where/A-ring.gif
standard/where/ch.gif
standard/where/cyrillic-italic-p.gif
standard/where/cyrillic-italic-serbian-p.gif
standard/where/cyrillic-p.gif
standard/where/deltaF1.gif
standard/where/deltaF2.gif
standard/where/deltaF3.gif
standard/where/deltaF4.gif
standard/where/deltaF5.gif
standard/where/deltaF6.gif
standard/where/deltaF7.gif
standard/where/heh-final.gif
standard/where/heh-independent.gif
standard/where/heh-initial.gif
standard/where/heh-medial.gif
standard/where/prime.gif
standard/where/t-sup-h.gif
standard/where/where_a_acute_ogonek.gif
standard/where/where_i_dot_acute.gif
standard/where/where_lambda_stroke_comma.gif
standard/where/where_to_semi.gif
standard/where/where_x_dot_below.gif
timesens/calendar.html
timesens/logistics-mongolian.html
timesens/logistics-utc154.html
timesens/logistics-utc155.html
ucd/
udhr/
uli/
versions/enumeratedversions.html
versions/index.html
versions/latest/
versions/Unicode6.0.0/ch09.pdf
wg2/
2009/10/unicode-announcement-unicode-520.html
2010/10/unicode-version-60-support-for-popular.html
2011/02/unicode-version-60-complete-text-of.html
2012/01/announcing-unicode-standard-version-61.html
2012/04/unicode-version-61-complete-text-of.html
2012/09/announcing-unicode-standard-version-62.html
2012/11/the-unicode-6.html
2013/09/announcing-unicode-standard-version-63.html
2014/06/announcing-unicode-standard-version-70.html
2014/10/unicode-version-70-complete-text-of.html
2015/06/announcing-unicode-standard-version-80.html
2015/08/unicode-version-80-complete-text-of.html
2016/06/announcing-unicode-standard-version-90.html
2016/06/encoding-mayan-script-your-adopt.html
2016/07/adopt-character-grant-to-support.html
2016/07/unicode-version-90-complete-text-of.html
2016/12/adopt-character-grant-to-support-indic.html
2017/06/announcing-unicode-standard-version-100.html
2017/07/adopt-character-grant-to-support-three.html
2017/08/unicode-100-paperback-available.html
2018/02/adopt-character-grant-to-support-three.html
2018/06/announcing-unicode-standard-version-110.html
acknowledgements
acknowledgements/members-staff.html
acknowledgements/sei.html
acknowledgements/standard.html
acknowledgements/standardorg.html
alloc/about.html
alloc/ISOStages.html
alloc/nonapprovals.html
announcements
announcements/ann-feb16-2010.html
announcements/ann-jan05-2010.html
announcements/ann-Jun02-2010.html
announcements/AsciiBarrier.pdf
announcements/boilerplate.html
announcements/change.html
announcements/DerSpiegel35.pdf
announcements/InternationalSupport.pdf
announcements/kissascii.pdf
announcements/pr-3.0.html
announcements/pr-3.2.html
announcements/pr-4.0.html
announcements/pr-4.0Book.html
announcements/pr-4.1.html
announcements/pr-4.1-french.html
announcements/pr-401.html
announcements/pr-5.0.html
announcements/pr-5.0preorders.html
announcements/pr-5.1.html
announcements/pr-6.0.html
announcements/pr-6.0-core.html
announcements/pr-cldr.html
announcements/pr-cldr1.1.html
announcements/pr-cldr1.2.html
announcements/pr-cldr1.3.html
announcements/pr-cldr1.4.html
announcements/pr-cldr1.4s.html
announcements/pr-cldr1.5.html
announcements/pr-cldr1.5s.html
announcements/pr-cldr1.6.html
announcements/pr-cldr1.7.html
announcements/pr-cldr1.71.html
announcements/pr-cldr1.72.html
announcements/pr-cldr1.8.html
announcements/pr-cldr1.8-fr.html
announcements/pr-cldr19.html
announcements/pr-cldr2.html
announcements/pr-iuc19.html
announcements/pr-iuc20.html
announcements/pr-iuc21.html
announcements/pr-iuc22.html
announcements/pr-iuc24.html
announcements/pr-iuc25.html
announcements/pr-iuc29.html
announcements/pr-iuc29-2.html
announcements/pr-iuc29-3.html
announcements/pr-iuc29-4.html
announcements/pr-iuc29-5.html
announcements/pr-iuc29-6.html
announcements/pr-iuc29-7.html
announcements/pr-iuc30.html
announcements/pr-iuc30-2.html
announcements/pr-iuc30-3.html
announcements/pr-iuc30-4.html
announcements/pr-iuc30-5.html
announcements/pr-iuc30-6.html
announcements/pr-iuc31-1.html
announcements/pr-iuc31-2.html
announcements/pr-iuc31-3.html
announcements/pr-iuc32-cfp.html
announcements/pr-iuc33-1.html
announcements/pr-iuc34-1.html
announcements/pr-iuc35-1.html
announcements/pr-iuc35-2.html
announcements/pr-sbm.html
announcements/pr-ucd5.0.html
announcements/pr-udhr.html
announcements/pr-uli.html
announcements/ToUnicode.pdf
casestudy
casestudy/cases/eBayUTF-8DBMigration.pdf
casestudy/cases/JustSystemsSuccessStory.pdf
casestudy/cases/UnicodeInEducation.pdf
casestudy/cases/UnicodeInMobilePhones.pdf
casestudy/cases/Yokoyama.pdf
cgi-bin/GetMatchingDocs.pl?
cgi-bin/GetUnihanData.pl?codepoint=%E5%AD%97
cgi-bin/GetUnihanData.pl?codepoint=%E6%96%87
cgi-bin/GetUnihanData.pl?codepoint=%E7%B5%B5
charts
charts/About.html
charts/aboutcharindex.html
charts/case
charts/collation
charts/collation/chart_Myanmar.html
charts/fonts.html
charts/nameslist
charts/normalization
charts/PDF/U0080.pdf
charts/PDF/U0980.pdf
charts/PDF/U1000.pdf
charts/PDF/UA9E0.pdf
charts/PDF/UAA60.pdf
charts/PDF/Unicode-11.0
charts/unihanrsindex.html
cldr
cldr/apps/survey
cldr/charts/latest/supplemental/territory_containment_un_m_49.html
cldr/comparison_charts.html
cldr/corrigenda.html
cldr/data/charts/supplemental/language_territory_information.html
cldr/data/common/collation
cldr/data/common/main/el.xml
cldr/data/common/supplemental
cldr/data/common/supplemental/supplementalData.xml
cldr/data/common/transforms
cldr/data/diff
cldr/data/diff/supplemental/supplemental.html
cldr/dtd/1.1/ldml-example.xml
cldr/dtd/1.1/ldmlICU.dtd
cldr/dtd/1.1/ldmlOpenOffice.dtd
cldr/dtd/33
cldr/filing_bug_reports.html
cldr/index.html
cldr/latest/common/bcp47
cldr/latest/common/validity/language.xml
cldr/latest/common/validity/region.xml
cldr/latest/common/validity/script.xml
cldr/latest/common/validity/subdivision.xml
cldr/latest/common/validity/unit.xml
cldr/latest/common/validity/variant.xml
cldr/procedures.html
cldr/repository_access.html
cldr/survey_tool.html
cldr/trac/newticket
cldr/trac/report
cldr/trac/ticket/10194
cldr/trac/ticket/10669
cldr/trac/ticket/10670
cldr/trac/ticket/10850
cldr/trac/ticket/10926
cldr/trac/ticket/10931
cldr/trac/ticket/10948
cldr/utility
collation
collation/ducet-changes.html
collation/ducet-criteria.html
conference/bulldog.html
conference/haiku.html
conference/uni-haiku.html
consortium/aboutdonations.html
consortium/applyingforgrants.html
consortium/California-FTB-Letter.pdf
consortium/directors.html
consortium/guideform.html
consortium/IRS-Letter-of-Determination.pdf
consortium/joinform.html
consortium/levels.html
consortium/liaison-members.html
consortium/members.html
consortium/otherorganizations.html
consortium/positions.html
consortium/Unicode-Bylaws.pdf
consortium/utc-minutes/UTC-080-199906.html
consortium/utc-minutes/UTC-081-199910.html
consortium/utc-minutes/UTC-082-200001.html
consortium/utc-minutes/UTC-083-200004.html
consortium/utc-minutes/UTC-084-200008.html
consortium/utc-minutes/UTC-085-200011.html
consortium/utc-minutes/UTC-086-200101.html
consortium/utc-minutes/UTC-087-200105.html
consortium/utc-minutes/UTC-088-200108.html
consortium/utc-minutes/UTC-089-200111.html
consortium/utc-minutes/UTC-090-200202.html
consortium/utc-minutes/UTC-091-200205.html
consortium/utc-minutes/UTC-092-200208.html
consortium/utc-minutes/UTC-093-200211.html
consortium/utc-minutes/UTC-094-200303.html
consortium/utc-minutes/UTC-095-200306.html
consortium/utc-minutes/UTC-096-200308.html
consortium/utc-minutes/UTC-097-200311.html
consortium/utc-minutes/UTC-098-200402.html
consortium/utc-minutes/UTC-099-200406.html
consortium/utc-minutes/UTC-100-200408.html
consortium/utc-minutes/UTC-101-200411.html
consortium/utc-minutes/UTC-102-200502.html
consortium/utc-minutes/UTC-103-200505.html
consortium/utc-minutes/UTC-104-200508.html
consortium/utc-minutes/UTC-105-200511.html
consortium/utc-minutes/UTC-106-200602.html
consortium/utc-minutes/UTC-107-200605.html
consortium/utc-minutes/UTC-108-200608.html
consortium/utc-minutes/UTC-109-200611.html
consortium/utc-minutes/UTC-110-200702.html
consortium/utc-minutes/UTC-111-200705.html
consortium/utc-minutes/UTC-112-200708.html
consortium/utc-minutes/UTC-113-200710.html
consortium/utc-minutes/UTC-114-200802.html
consortium/utc-minutes/UTC-115-200805.html
consortium/utc-minutes/UTC-116-200808.html
consortium/utc-minutes/UTC-117-200811.html
consortium/utc-minutes/UTC-118-200902.html
consortium/utc-minutes/UTC-119-200905.html
consortium/utc-minutes/UTC-120-200908.html
consortium/utc-minutes/UTC-121-200911.html
consortium/utc-minutes/UTC-122-201002.html
consortium/utc-minutes/UTC-123-201005.html
consortium/utc-minutes/UTC-124-201008.html
consortium/utc-minutes/UTC-125-201011.html
consortium/utc-minutes/UTC-126-201102.html
consortium/utc-minutes/UTC-127-201105.html
consortium/utc-minutes/UTC-128-201108.html
consortium/utc-minutes/UTC-130-201202.html
consortium/utc-minutes/UTC-131-201205.html
consortium/utc-minutes/UTC-133-2012011.html
consortium/utc-minutes/UTC-134-201301.html
consortium/utc-minutes/UTC-135-201305.html
consortium/utc-positions.html
consortium/utc-procedures.html
development/updating-dtds
education
emoji
emoji/charts
emoji/charts/emoji-released.html
emoji/charts/emoji-versions.html
emoji/charts/index.html
emoji/charts-11.0/emoji-released.html
emoji/future/emoji-candidates.html
emoji/images.html
emoji/index.html
emoji/selection.html
errata
errata/index.html
faq
faq/hex-digit-values.txt
feeds/posts/default?alt=rss
fr
glossary
glossary/index.html
help/translation.html
history
history/20thceleb/DeLaHuntSong.mp3
history/20thceleb/IUC32pictures.html
history/20thceleb/McKenna-VinePoetry.mp3
history/20thceleb/TexinLimerick.mp3
history/20thceleb/Trivia.mp3
history/EarthwebCommercial.avi
history/first-pr.htm
history/movie/CorneliusSong.MOV
history/movie/DeLaHuntSong.MOV
history/movie/McKennaPoetry.MOV
history/movie/TexinLimeric.MOV
history/movie/Uni-44kStereo.mp3
history/movie/UniMovie-large.mov
history/movie/UniMovie-small.mov
history/photoalbum
history/photoalbum/dinner.html
history/photoalbum/irg2007.html
history/photoalbum/magda10yrs.html
history/photoalbum/TUS5.html
history/photoalbum/utc118.html
history/unicode88.pdf
history/unicodeMOV.mov
history/unicodeWMV.wmv
home/uli-charter
index
index.html
index/acknowledgments
index/bcp47-extension
index/bug-reports
index/cldr-spec
index/downloads
index/downloads/cldr-1-8-1
index/downloads/cldr-1-9-1
index/process
index/process/cldr-data-retention-policy
iso15924
iso15924/iso15924chform.html
iso15924/standard/index.html
ivd
ivd/index.html
L2
L2/all-docs.html
L2/Historical
L2/L1990/Register-1990.html
L2/L1991/Register-1991.html
L2/L1991-UTC/RegisterUTC-1991.html
L2/L1992/Register-1992.html
L2/L1992-UTC/RegisterUTC-1992.html
L2/L1993/Register-1993.html
L2/L1993-UTC/RegisterUTC-1993.html
L2/L1994/Register-1994.html
L2/L1994-UTC/RegisterUTC-1994.html
L2/L1995/Register-1995.html
L2/L1995-UTC/RegisterUTC-1995.html
L2/L1996/Register-1996.html
L2/L1996-UTC/RegisterUTC-1996.html
L2/L1997/Register-1997.html
L2/L1997-UTC/RegisterUTC-1997.html
L2/L1998/Register-1998.html
L2/L1998-UTC/RegisterUTC-1998.html
L2/L1999/n1959.pdf
L2/L1999/Register-1999.html
L2/L1999-UTC/RegisterUTC-1999.html
L2/L2000/Register-2000.html
L2/L2000-UTC/RegisterUTC-2000.html
L2/L2001/Register-2001.html
L2/L2002/Register-2002.html
L2/L2003/Register-2003.html
L2/L2004/Register-2004.html
L2/L2005/Register-2005.html
L2/L2006/Register-2006.html
L2/L2007/Register-2007.html
L2/L2008/Register-2008.html
L2/L2009/Register-2009.html
L2/L2010/10005-n3756-loma.pdf
L2/L2010/10063-n3762-kpelle.pdf
L2/L2010/10231-n3842-balti.pdf
L2/L2010/10295-pyu-chart.pdf
L2/L2010/Register-2010.html
L2/L2011/11103-balti-b.pdf
L2/L2011/11106-gurung-khema.pdf
L2/L2011/11145-kirat-rai.pdf
L2/L2011/11178-n4043.pdf
L2/L2011/11280-n4128-moon.pdf
L2/L2011/11353.htm
L2/L2011/11362-n4146-woleai.pdf
L2/L2011/Register-2011.html
L2/L2012/12125-kawi.pdf
L2/L2012/12228-n4292-afaka.pdf
L2/L2012/12229-n4293-bagam.pdf
L2/L2012/12238.htm
L2/L2012/12239.htm
L2/L2012/12311-n4323-mwangwego.pdf
L2/L2012/12342.htm
L2/L2012/12343.htm
L2/L2012/Register-2012.html
L2/L2013/13010.htm
L2/L2013/13011.htm
L2/L2013/13057.htm
L2/L2013/13058.htm
L2/L2013/13131.htm
L2/L2013/13132.htm
L2/L2013/13199.htm
L2/L2013/13200.htm
L2/L2013/13229-eskaya.pdf
L2/L2013/13230-intro-khimhun-tangsa.pdf
L2/L2013/13231-intro-mossang-tangsa.pdf
L2/L2013/Register-2013.html
L2/L2014/14009r-power-symbol.pdf
L2/L2014/14025.htm
L2/L2014/14026.htm
L2/L2014/14099.htm
L2/L2014/14100.htm
L2/L2014/14176.htm
L2/L2014/14177.htm
L2/L2014/14219r-n4628-adlam.pdf
L2/L2014/14249.htm
L2/L2014/14250.htm
L2/L2014/14285r3-newa.pdf
L2/L2014/Register-2014.html
L2/L2015/15004r-soyombo.pdf
L2/L2015/15016.htm
L2/L2015/15017.htm
L2/L2015/15066r-diwani-siyaq.pdf
L2/L2015/15090r-masaram-gondi.pdf
L2/L2015/15106.htm
L2/L2015/15107.htm
L2/L2015/15121r2-indic-siyaq.pdf
L2/L2015/15122r-persian-siyaq.pdf
L2/L2015/15186.htm
L2/L2015/15187.htm
L2/L2015/15233-makasar.pdf
L2/L2015/15234r-dogra.pdf
L2/L2015/15235-gunjala-gondi.pdf
L2/L2015/15245-n4697-nushu.pdf
L2/L2015/15253.htm
L2/L2015/15254.htm
L2/L2015/15337-zanabazar-square.pdf
L2/L2015/Register-2015.html
L2/L2016/16003.htm
L2/L2016/16004.htm
L2/L2016/16014-paucinhau-syllabary.pdf
L2/L2016/16069-n4709-garay-revision.pdf
L2/L2016/16101r-medefaidrin.pdf
L2/L2016/16120.htm
L2/L2016/16121.htm
L2/L2016/16202.htm
L2/L2016/16203.htm
L2/L2016/16245r-n4738r2-khitan-small.pdf
L2/L2016/16311r-hanifi-rohingya.pdf
L2/L2016/16312r-old-sogdian.pdf
L2/L2016/16324.htm
L2/L2016/16325.htm
L2/L2016/16371r2-sogdian.pdf
L2/L2016/Register-2016.html
L2/L2017/17002r3-n4780r3-nyiakeng-puachue-hmong.pdf
L2/L2017/17015.htm
L2/L2017/17016.htm
L2/L2017/17067r2-n4787r2-wancho.pdf
L2/L2017/17102.htm
L2/L2017/17103.htm
L2/L2017/17162-nandinagari.pdf
L2/L2017/17221.htm
L2/L2017/17222.htm
L2/L2017/17226r2-elymaic.pdf
L2/L2017/17348r-ottoman-siyaq.pdf
L2/L2017/17361.htm
L2/L2017/17362.htm
L2/L2017/Register-2017.html
L2/L2018/18006.htm
L2/L2018/18007.htm
L2/L2018/18016r-dives-akuru.pdf
L2/L2018/18044-encoding-emoji.pdf
L2/L2018/18114.htm
L2/L2018/18115.htm
L2/L2019/Register-2019.html
L2/L2020/Register-2020.html
L2/L-SD2.htm
L2/meetings/utc-meetings-early.html
L2/reg-hist.html
L2/sc2standards.html
L2/summary.html
locale_faq-html
mail-arch
mailman/listinfo
members
members/docsubmit.html
notes
notes/about-notes.html
notes/tn1
notes/tn10
notes/tn11
notes/tn12
notes/tn13
notes/tn14
notes/tn15
notes/tn17
notes/tn18
notes/tn19
notes/tn2
notes/tn20
notes/tn21
notes/tn22
notes/tn23
notes/tn24
notes/tn25
notes/tn26
notes/tn27
notes/tn28
notes/tn29
notes/tn3
notes/tn30
notes/tn31
notes/tn32
notes/tn33
notes/tn34
notes/tn35
notes/tn36
notes/tn37
notes/tn39
notes/tn4
notes/tn40
notes/tn41
notes/tn42
notes/tn5
notes/tn6
notes/tn7
notes/tn8
notes/tn9
onlinedat/related.html
pending/about-sei.html
pending/properties.html
pending/symbol-guidelines.html
policies/collation_stability.html
policies/confidential_data_policy.html
policies/conflict_of_interest_policy.pdf
policies/font_policy.html
policies/gift_policy.html
policies/ipr_policy.html
policies/locales_stability.html
policies/logo_policy.html
policies/mail_policy.html
policies/patent_policy.html
policies/privacy_policy.html
policies/property_value_stability_table.html
policies/reg_stability_policy.html
policies/stability_policy.html
policies/translation_policy.html
policies/Unicode_Whistleblower_Policy.pdf
press
press/boilerplate.html
press/emoji.html
press/quotations.html
press/seachange.html
Public
Public/10.0.0/ucd/NamesList.html
Public/11.0.0
Public/11.0.0/charts
Public/11.0.0/charts/RSIndex.pdf
Public/11.0.0/ucd/NamesList.html
Public/5.0.0
Public/5.2.0
Public/5.2.0/ucdxml
Public/cldr
Public/emoji
Public/emoji/5.0/emoji-variation-sequences.txt
Public/emoji/latest
Public/emoji/latest/emoji-zwj-sequences.txt
Public/idna
Public/MAPPINGS
Public/MAPPINGS/OBSOLETE/EASTASIA
Public/MAPPINGS/VENDORS
Public/math
Public/PROGRAMS
Public/security
Public/UCA
Public/UCA/11.0.0
Public/UCA/11.0.0/allkeys.txt
Public/UCA/11.0.0/CollationTest.html
Public/UCA/11.0.0/CollationTest.zip
Public/UCA/latest
Public/UCA/latest/allkeys.txt
Public/UCA/latest/CollationTest.html
Public/UCA/latest/CollationTest.zip
Public/UCD/latest
Public/UCD/latest/ucd/Blocks.txt
Public/UCD/latest/ucd/CaseFolding.txt
Public/UCD/latest/ucd/DerivedAge.txt
Public/UCD/latest/ucd/extracted/DerivedBidiClass.txt
Public/UCD/latest/ucd/NamedSequences.txt
Public/UCD/latest/ucd/NamedSequencesProv.txt
Public/UCD/latest/ucd/NamesList.html
Public/UCD/latest/ucd/NamesList.txt
Public/UCD/latest/ucd/PropertyValueAliases.txt
Public/UCD/latest/ucd/PropList.txt
Public/UCD/latest/ucd/Scripts.txt
Public/UCD/latest/ucd/SpecialCasing.txt
Public/UCD/latest/ucd/StandardizedVariants.txt
Public/UCD/latest/ucd/UnicodeData.txt
Public/UCD/latest/ucdxml
Public/UCD/latestgist.github.com/swanhtet1992/92898e667c67bf0dff90
Public/UNIDATA/PropertyValueAliases.txt
Public/vertical
Public/zipped
Public/zipped/11.0.0
publications
references
reports
reports/about-reports.html
reports/tr10
reports/tr10/charts
reports/tr10/proposed.html
reports/tr10/tr10-36.html
reports/tr10/tr10-37.html
reports/tr10/tr10-38.html
reports/tr11
reports/tr11/tr11-34.html
reports/tr11/tr11-35.html
reports/tr14
reports/tr14/tr14-40.html
reports/tr14/tr14-41.html
reports/tr15
reports/tr15/charts
reports/tr15/proposed.html
reports/tr15/tr15-45.html
reports/tr15/tr15-46.html
reports/tr15/tr15-47.html
reports/tr16
reports/tr17
reports/tr17/tr17-5.html
reports/tr17/tr17-7.html
reports/tr18
reports/tr20
reports/tr21
reports/tr21/charts
reports/tr22
reports/tr23
reports/tr24
reports/tr24/charts
reports/tr24/proposed.html
reports/tr24/tr24-27.html
reports/tr24/tr24-28.html
reports/tr25
reports/tr25/tr25-15.pdf
reports/tr26
reports/tr27
reports/tr27/tr27-4.html
reports/tr28
reports/tr28/tr28-3.html
reports/tr29
reports/tr29/tr29-32.html
reports/tr29/tr29-33.html
reports/tr31
reports/tr31/tr31-28.html
reports/tr31/tr31-29.html
reports/tr32
reports/tr33
reports/tr34
reports/tr34/tr34-23.html
reports/tr35
reports/tr35/proposed.html
reports/tr35/tr35-49/tr35.html
reports/tr35/tr35-51/tr35.html
reports/tr35/tr35-collation.html
reports/tr35/tr35-general.html
reports/tr36
reports/tr37
reports/tr38
reports/tr38/tr38-24.html
reports/tr38/tr38-25.html
reports/tr39
reports/tr39/tr39-16.html
reports/tr39/tr39-17.html
reports/tr41
reports/tr41/tr41-22.html
reports/tr41/tr41-23.html
reports/tr42
reports/tr42/tr42-22.html
reports/tr42/tr42-23.html
reports/tr44
reports/tr44/tr44-21.html
reports/tr44/tr44-22.html
reports/tr45
reports/tr45/tr45-18.html
reports/tr45/tr45-19.html
reports/tr46
reports/tr46/tr46-20.html
reports/tr46/tr46-21.html
reports/tr50
reports/tr50/tr50-20.html
reports/tr50/tr50-21.html
reports/tr51
reports/tr51/index.html
reports/tr51/tr51-13.html
reports/tr51/tr51-14.html
reports/tr53/tr53-2.html
reports/tr6
reports/tr9
reports/tr9/tr9-38.html
reports/tr9/tr9-39.html
repos/cldr/tags/latest/common/bcp47/calendar.xml
repos/cldr/tags/latest/common/bcp47/collation.xml
repos/cldr/tags/latest/common/bcp47/currency.xml
repos/cldr/tags/latest/common/bcp47/measure.xml
repos/cldr/tags/latest/common/bcp47/number.xml
repos/cldr/tags/latest/common/bcp47/segmentation.xml
repos/cldr/tags/latest/common/bcp47/timezone.xml
repos/cldr/tags/latest/common/bcp47/transform.xml
repos/cldr/tags/latest/common/bcp47/transform_hybrid.xml
repos/cldr/tags/latest/common/bcp47/transform_ime.xml
repos/cldr/tags/latest/common/bcp47/transform_keyboard.xml
repos/cldr/tags/latest/common/bcp47/transform_mt.xml
repos/cldr/tags/latest/common/bcp47/transform_private_use.xml
repos/cldr/tags/latest/common/bcp47/transform-destination.xml
repos/cldr/tags/latest/common/bcp47/variant.xml
repos/cldr/tags/latest/common/supplemental/numberingSystems.xml
repos/cldr/tags/latest/common/validity
repos/cldr/trunk/common/supplemental/coverageLevels.xml
resources
resources/emoji.html
resources/fonts.html
resources/online-tools.html
resources/readinglist.html
review
review/index.html
review/pri358
review/pri372/feedback.html
roadmaps/bmp/bmp-3-0.html
roadmaps/smp
sitemap
standard/principles.html
standard/stability_policy.html
standard/UnicodeTranscriptions.html
standard/versions
standard/versions/enumeratedversions.html
standard/WhatIsUnicode-more.html
standard/where
terminology/about_term.html
terminology/term_en_fr.html
terminology/term_en_ja.html
terminology/term_en_zh_Hant_HK.html
terminology/term_fr_en.html
terminology/term_ja_en.html
terminology/term_zh_Hant_HK_en.html
terms_of_use.html
timesens/logistics-utc132.html
timesens/logistics-utc133.html
timesens/logistics-utc134.html
timesens/logistics-utc135.html
timesens/logistics-utc136.html
timesens/logistics-utc137.html
timesens/logistics-utc138.html
timesens/logistics-utc139.html
timesens/logistics-utc140.html
timesens/logistics-utc141.html
timesens/logistics-utc142.html
timesens/logistics-utc143.html
timesens/logistics-utc144.html
timesens/logistics-utc145.html
timesens/logistics-utc146.htm
timesens/logistics-utc147.html
timesens/logistics-utc148.html
timesens/logistics-utc149.html
timesens/logistics-utc150.html
timesens/logistics-utc151.html
timesens/logistics-utc152.html
timesens/logistics-utc153.html
translation
ucd
udhr
udhr/contributors.html
uli
uli/pas
uli/pas/gmx/gmx-v10.xsd
uli/pas/gmx-v
uli/pas/srx
uli/trac
unibook
unicode/copyright.html
unicode/faq
UnicodeJsps/list-unicodeset.jsp?a=%5B%3Aemoji%3A%5D&g=emoji
versions
versions/beta.html
versions/beta-11.0.0.html
versions/components-1.0.0.html
versions/components-1.0.1.html
versions/components-1.1.0.html
versions/components-1.1.5.html
versions/components-10.0.0.html
versions/components-11.0.0.html
versions/components-2.0.0.html
versions/components-2.1.2.html
versions/components-2.1.5.html
versions/components-2.1.8.html
versions/components-2.1.9.html
versions/components-3.0.0.html
versions/components-3.0.1.html
versions/components-3.1.0.html
versions/components-3.1.1.html
versions/components-3.2.0.html
versions/components-4.0.0.html
versions/components-4.0.1.html
versions/components-4.1.0.html
versions/components-5.0.0.html
versions/components-5.1.0.html
versions/components-5.2.0.html
versions/components-6.0.0.html
versions/components-6.1.0.html
versions/components-6.2.0.html
versions/components-6.3.0.html
versions/components-7.0.0.html
versions/components-8.0.0.html
versions/components-9.0.0.html
versions/corrigenda.html
versions/corrigendum1.html
versions/corrigendum2.html
versions/corrigendum3.html
versions/corrigendum4.html
versions/corrigendum5.html
versions/corrigendum6.html
versions/corrigendum7.html
versions/corrigendum8.html
versions/corrigendum9.html
versions/IICoreRSIndex.pdf
versions/latest
versions/latest/appA.pdf
versions/latest/appC.pdf
versions/latest/appD.pdf
versions/latest/appE.pdf
versions/latest/ch02.pdf
versions/latest/ch03.pdf
versions/latest/ch04.pdf
versions/latest/ch05.pdf
versions/latest/ch06.pdf
versions/latest/ch07.pdf
versions/latest/ch09.pdf
versions/latest/ch12.pdf
versions/latest/ch13.pdf
versions/latest/ch16.pdf
versions/latest/ch18.pdf
versions/latest/ch21.pdf
versions/latest/ch23.pdf
versions/latest/References.pdf
versions/Unicode1.0.0
versions/Unicode1.1.0
versions/Unicode10.0.0
versions/Unicode10.0.0/ch05.pdf
versions/Unicode10.0.0/erratafixed.html
versions/Unicode11.0.0
versions/Unicode11.0.0/appA.pdf
versions/Unicode11.0.0/appB.pdf
versions/Unicode11.0.0/appC.pdf
versions/Unicode11.0.0/appD.pdf
versions/Unicode11.0.0/appE.pdf
versions/Unicode11.0.0/appF.pdf
versions/Unicode11.0.0/bookmarks.html
versions/Unicode11.0.0/ch01.pdf
versions/Unicode11.0.0/ch02.pdf
versions/Unicode11.0.0/ch03.pdf
versions/Unicode11.0.0/ch04.pdf
versions/Unicode11.0.0/ch05.pdf
versions/Unicode11.0.0/ch06.pdf
versions/Unicode11.0.0/ch07.pdf
versions/Unicode11.0.0/ch08.pdf
versions/Unicode11.0.0/ch09.pdf
versions/Unicode11.0.0/ch10.pdf
versions/Unicode11.0.0/ch11.pdf
versions/Unicode11.0.0/ch12.pdf
versions/Unicode11.0.0/ch13.pdf
versions/Unicode11.0.0/ch14.pdf
versions/Unicode11.0.0/ch15.pdf
versions/Unicode11.0.0/ch16.pdf
versions/Unicode11.0.0/ch17.pdf
versions/Unicode11.0.0/ch18.pdf
versions/Unicode11.0.0/ch19.pdf
versions/Unicode11.0.0/ch20.pdf
versions/Unicode11.0.0/ch21.pdf
versions/Unicode11.0.0/ch22.pdf
versions/Unicode11.0.0/ch23.pdf
versions/Unicode11.0.0/ch24.pdf
versions/Unicode11.0.0/Colophon.pdf
versions/Unicode11.0.0/erratafixed.html
versions/Unicode11.0.0/Preface.pdf
versions/Unicode11.0.0/Title.pdf
versions/Unicode11.0.0/UnicodeBookIX.pdf
versions/Unicode11.0.0/UnicodeBookTOC.pdf
versions/Unicode11.0.0/UnicodeStandard-11.0.pdf
versions/Unicode2.0.0
versions/Unicode2.1.0
versions/Unicode3.0.0
versions/Unicode3.0.1
versions/Unicode3.1.0
versions/Unicode3.1.1
versions/Unicode3.1.1.html
versions/Unicode3.2.0
versions/Unicode4.0.0
versions/Unicode4.0.0/erratafixed.html
versions/Unicode4.0.1
versions/Unicode4.1.0
versions/Unicode4.1.0/erratafixed.html
versions/Unicode5.0.0
versions/Unicode5.0.0/erratafixed.html
versions/Unicode5.0.0/References.pdf
versions/Unicode5.0.0/Title.pdf
versions/Unicode5.1.0
versions/Unicode5.1.0/erratafixed.html
versions/Unicode5.2.0
versions/Unicode5.2.0/erratafixed.html
versions/Unicode6.0.0
versions/Unicode6.0.0/erratafixed.html
versions/Unicode6.1.0
versions/Unicode6.1.0/erratafixed.html
versions/Unicode6.2.0
versions/Unicode6.2.0/erratafixed.html
versions/Unicode6.3.0
versions/Unicode6.3.0/erratafixed.html
versions/Unicode7.0.0
versions/Unicode7.0.0/erratafixed.html
versions/Unicode8.0.0
versions/Unicode8.0.0/appC.pdf
versions/Unicode8.0.0/ch05.pdf
versions/Unicode8.0.0/erratafixed.html
versions/Unicode9.0.0
versions/Unicode9.0.0/appC.pdf
versions/Unicode9.0.0/ch03.pdf
versions/Unicode9.0.0/ch04.pdf
versions/Unicode9.0.0/ch05.pdf
versions/Unicode9.0.0/ch09.pdf
versions/Unicode9.0.0/ch12.pdf
versions/Unicode9.0.0/ch18.pdf
versions/Unicode9.0.0/ch23.pdf
versions/Unicode9.0.0/erratafixed.html
versions/Unicode9.0.0/UnicodeBookIX.pdf
versions/Unicode9.0.0/UnicodeBookTOC.pdf
wg2
wg2/docs/AttendanceLog.xls
wg2/docs/AttendanceLog-2017-10-18.xls
wg2/meetings.html
wg2/principles.html
wg2/WG2-registry.html
wg2unicodeguidemed.jpg
